uniform_number,player_name,position,bats,throws,ht,wt,yob
26,Accorsi Luca,SS,R,R,0,0,1993
39,Baccelli Marco,C/1B,R,R,0,0,1986
7,Carolingi Alessandro,P/OF,R,R,0,0,2007
40,Carolingi Riccardo,P/OF,R,R,0,0,2005
42,Casanova Edoardo,P/OF,R,R,0,0,2003
50,Cavallari Francesco,OF,R,R,0,0,1993
72,Cocchi Alex,P/2B/OF,S,R,0,0,2001
13,Contri Alex,C,R,R,0,0,2007
66,Corradin Michael,P/C,R,R,0,0,1991
23,Del Priore Fabio,2B,R,R,0,0,1992
1,Errico Mirko,P/C/3B,R,R,0,0,2001
11,Giorgi Francesco,P,R,R,0,0,1992
57,Misell Martinez Carlos Enrique,P,R,R,0,0,1992
22,Monda Manuel,C/1B,L,R,0,0,2004
12,Monda Mirco,1B/OF,R,R,0,0,1991
32,Montanari Lorenzo,2B/SS,R,R,0,0,2004
5,Montanari Alessandro,OF,R,R,0,0,1997
28,Montieth Herrera Frank Andry,P,R,R,0,0,1985
48,Nepoti Riccardo,P,R,R,0,0,2004
34,Righini Luca,UTL,L,L,0,0,2008
10,Venturi Michele,1B/OF,R,R,0,0,1993
29,Vignali Marco,OF,R,R,0,0,1996
15,Zappone Lino Johel,IF/OF,R,R,0,0,1988
15,Anzovino Thomas,OF,R,R,0,0,2005
30,Bacci Lorenzo,OF,L,R,0,0,2004
6,Borghi Gilberto,1B/OF,L,R,0,0,1998
5,Campanella Lorenzo,P,R,R,0,0,2000
21,Cantelli Alessandro,P,R,R,0,0,2002
43,Ferri Jacopo,IF,R,R,0,0,2001
10,Franceschini Rafael,OF,R,R,0,0,1997
1,Giacomini Tommaso,C/IF,R,R,175,68,2003
55,Lambertini Lorenzo,C/1B/OF,R,R,0,0,2004
19,Marchi Davide,UTL,R,R,0,0,2000
45,Marchi Federico,IF/UTL,L,R,0,0,2004
9,Mezzetti Axel,C/IF,R,R,0,0,2005
77,Moronta Rodriguez Francisco Julian,2B/OF,R,R,0,0,2003
48,Nanetti Andrea,P,R,R,0,0,1997
2,Pancellini Mattia,C/1B,L,R,182,85,2001
4,Pani Lorenzo,IF/UTL,R,R,0,0,2005
58,Persici Gabriele,P,R,R,0,0,2003
11,Rizzoli Niccolo,P,R,R,0,0,2003
47,Rondelli Lorenzo,CF,R,R,0,0,1998
27,Silva Mena Ricardo Antonio,P,L,L,0,0,2000
3,Tamburini Jacopo,IF,S,R,0,0,2004
16,Bartolini Marco,UTL,R,R,1.70,68,2006
25,Calcagni Elia,P/UTL,R,R,175,70,2006
31,Calcagni Mattia,P/SS,R,R,175,72,2006
12,Carrera Lopez Jesus Daniel,1B/RF,L,L,180,80,1993
97,CORREA ROMERO MANAURYS,P,R,R,195,90,1989
23,Di Battista Romero Gianmarco Jesus,2B/DH/UTL,R,R,170,75,1993
83,Exposito Gotera Ernesto David,C/DH,R,R,175,75,1998
54,GARCIA SEBASTIAN ALEJANDRO,CF,L,L,175,75,1987
7,garcia pereira jose elias,C/1B,S,R,180,80,2001
29,Lopez Nunez Javier Alberto,SS,R,R,190,87,1994
37,Luciani Gionni,LF/UTL,R,R,175,70,1996
72,Marinelli Tommaso,C,R,R,170,72,2004
99,Mazzocchi Rene Rafael,P,L,L,175,75,1988
32,MEJIA FLORES Dilmer Ramon,P,L,L,180,81,1997
61,Mercuri Daniele,SS/UTL,R,R,186,85,2001
5,Morresi Alessandro,2B/DH,R,R,175,73,2000
10,Morresi Lorenzo,C/3B,S,R,175,75,2001
21,Palumbo Cardozo Angelo Michelle Paolo,P,R,R,193,90,1995
74,Perdomo Mora Gabriel Eduardo,SS/DH,R,R,170,70,2008
13,Pereira Jablonskis Anthony Jose,3B,R,R,180,80,1996
39,Pérez Padilla Andrés Eduardo,P,R,R,186,85,1991
43,Pioli Leonardo,UTL,L,L,1.72,65,2007
88,Quattrini Gabriele,P,R,R,195,115,1996
45,Ripani Filippo,C/UTL,R,R,175,73,2007
20,Splendiani Leonardo,RF/UTL,R,R,178,75,1995
73,TORRES RAMIREZ JUAN MANUEL,P,L,L,175,68,2004
0,Ariani Jordan,C/UTL,R,R,148,43,2007
46,Ariani Jonathan,1B/UTL,R,R,0,0,1997
11,Becchi Lorenzo,P/UTL,R,R,0,0,2003
0,Belnabe Torres Maicol Desmin,P/UTL,R,R,0,0,1995
98,Cerruti Michele,UTL,R,R,175,85,1998
0,Ciantelli Morgan,UTL,R,R,0,0,2005
23,De Aza Perez Bryan Alejandro,UTL,R,R,0,0,2001
81,Faggi Matteo,CF/UTL,R,R,0,0,1999
6,Faticanti Valdemaro,C/UTL,R,R,0,0,1999
31,Guasti Fabio,RF/UTL,R,R,0,0,1980
8,Labardi Marco,UTL,R,R,0,0,1977
0,Lucarini Leandro,UTL,R,R,0,0,2003
22,Mani Jacopo,1B/UTL,R,R,0,0,1993
97,Martinez Holguin Euridis,P,R,R,0,0,1997
1,Mateo Medina Neify,2B/UTL,R,R,0,0,2001
72,Matricardi Zeno,UTL,R,R,0,0,2003
52,Molina Leonardo,P,R,R,0,0,1990
18,Panerai Gianluca,UTL,R,R,0,0,1994
70,Parise Michele,LF,R,R,0,0,1996
0,Peluso Mattia,P/UTL,R,R,0,0,2005
14,Pena Nunez Kelvin Jose,C/UTL,R,R,0,0,2002
30,Perez Silfa Junior,P,R,R,0,0,1987
28,Ramirez Villanueva Samy Junior,3B/UTL,R,R,0,0,1993
12,Reggioli Samuele,SS/UTL,R,R,0,0,1995
45,Valsecchi Marco,UTL,R,R,0,0,1996
2,Vassallo Lorenzo,P,R,R,0,0,1997
33,Almora Escudero Julio Jesus,P,R,R,0,0,1998
16,Baez Joel Ernesto,P,R,R,0,0,1993
28,Baldi Michael,OF,R,R,0,0,2000
8,Capellano Luca,P,R,R,0,0,2002
25,Castillo Castillo Jonathan,P/IF/OF,R,R,,,2000
26,Censi Stefano,P/1B/OF,R,R,0,0,1999
19,Cepparulo Nicola,UTL,R,R,0,0,2007
42,Cerini Andrea Luca,IF/OF,R,R,0,0,2005
5,Corrieri Massimiliano,UTL,R,R,,,1973
40,Di Turi De Frenza Giovanni,C/1B/3B/OF,R,R,0,0,2001
27,Ferrari Alessandro Francesco,C/OF,R,R,0,0,1995
0,Friggeri Matteo,UTL,R,R,0,0,1997
51,Gastaldi Marco,C/IF,R,R,0,0,2001
22,Giovanardi Alex,P/IF,R,R,0,0,2006
66,La Rocca Stefano,P,R,R,0,0,1983
2,Lettieri Leonardo,2B/SS,R,R,0,0,2005
80,Lugli Davide,P/C/IF,R,R,0,0,2006
91,MEDINA GARCIA Frank Luis,P,R,R,185,87,1987
24,Minari Alexandro,2B/3B/SS/OF,R,R,0,0,2000
6,Nardi Alessandro,UTL,R,R,0,0,2000
31,Sassi Lorenzo,P,R,R,0,0,1999
75,Tamburrini Giorgio,OF/UTL,L,R,0,0,1992
15,Trevisan Nicolas,P,R,R,0,0,2000
57,Zanichelli Davide,1B,R,R,0,0,1982
4,Angulo Gamez Oscar David,UTL,R,R,180,76,1984
50,Baez Aybar Fernando,UTL,R,R,0,0,1992
24,Batista De Jesus Nathanael Manoly,2B/LF/UTL,R,R,180,80,1995
31,Castillo Rojas Jesus Ronaldo,P/UTL,R,R,0,0,1995
25,Celli Federico,CF/UTL,R,R,188,100,1995
22,Da Silva Tiago Felipe,P/UTL,R,R,0,0,1985
54,Di Fabio Lorenzo,3B/UTL,R,R,0,0,1992
16,Di Raffaele Lorenzo,2B/UTL,R,R,0,0,1994
35,Di Raffaele Luca,P/UTL,R,R,183,0,1994
13,Epifano Duran Erick Alessandro,SS/UTL,R,R,188,88,1990
27,Ferrini Colmenarez Jose Leonardo,3B/UTL,R,R,180,0,1989
53,Garbella Nicola Luciano Sathya,P/RF/UTL,R,R,185,89,1992
77,Giulianelli Ettore,P/UTL,R,R,0,0,2003
64,HERNANDEZ SILVA Nelson Eduardo,P/UTL,R,R,188,77,1997
2,KOURTIS Dimitrios,P/UTL,R,R,190,104,1992
5,Leonora Ericson Neptali,LF/UTL,R,R,0,0,1992
21,LEONORA Dudley Lauriano Michael Junior,1B/UTL,R,R,187,94,1991
14,Lino Correa Gabriel Eloy,C/UTL,R,R,190,90,1993
71,Peluso Rodriguez Eduardo Andres,P/UTL,R,R,180,80,1998
6,Pieternella Vargas Ortwin Hose,C/UTL,R,R,0,0,1999
7,Pulzetti Luca,3B/SS/UTL,R,R,0,0,1994
70,Quevedo Viso Carlos Eduardo,P/UTL,R,R,0,0,1989
33,Rosales Motta Giovanny Andres,C/UTL,R,R,0,0,1999
20,Tognacci Gianluca,P/UTL,R,R,0,0,2000
1,Abate Brian,UTL,R,R,180,75,2002
20,Abreu Florimon Alcis Manuel,P/UTL,R,R,182,80,2002
55,Anzanel Nicola,C/UTL,R,R,175,82,2004
45,Baruffaldi Federico,P/UTL,L,L,184,90,2000
40,Bertoldi Davide,P/UTL,R,R,180,87,1994
4,Boscarol Giacomo,UTL,R,R,187,87,1997
30,Cirucci Jose Gabriel,C/UTL,R,R,179,86,2000
7,Collado Jordano,UTL,S,R,180,114,1981
3,D'oriano Gioele,UTL,R,R,182,74,2001
27,Dalla Silvestra Matteo,P/UTL,L,L,185,88,2005
58,Di Michele Fanose,P/CF/UTL,R,R,170,60,2003
39,Diaz Denzel,P/UTL,R,R,173,66,2003
23,Garcia Almonte Anthony Gregory,OF/UTL,L,R,181,72,1993
50,Jimenez Gomez Elias,P/UTL,R,R,183,80,1993
25,Menotti Nicolò,LF/UTL,R,R,188,90,1997
62,Perez Ramon Leonardo,P/UTL,R,R,185,85,1998
14,SALCEDO GOMEZ ROGER,C/UTL,R,R,172,78,2003
35,Sassi Emanuele,C/UTL,R,R,182,85,2005
8,Serra Riccardo,RF/UTL,R,R,172,74,1998
60,TAVAREZ RICKY DE JESUS,C/UTL,R,R,170,73,2003
24,Tomasin Alberto,OF/UTL,R,R,181,85,1997
12,Vidili Andrea,DH/UTL,R,R,174,80,1999
24,Acerbi Edoardo,P,R,R,0,0,1998
5,Alfieri Leonardo,SS/IF,R,R,0,0,2002
29,Andreini Samuele,2B/SS/UTL,R,R,0,0,2007
88,Bellini Emanuele,C,R,R,0,0,2003
4,Benetti Davide,2B/3B,R,R,0,0,1994
25,Bertolini Romano,P,R,R,0,0,1995
13,Boschi Alessandro,2B/SS/UTL,R,R,0,0,2005
58,Boselli Davide,P/1B,L,L,0,0,2006
96,Codeluppi Elia,P,R,R,0,0,2006
98,Coffrini Luca,1B/3B/UTL,R,R,0,0,1998
8,Daddi Filippo,DH/OF,L,L,0,0,1999
30,Dallaturca Lorenzo,P,R,R,0,0,1988
50,Delmonte Tommaso,OF,R,R,0,0,1999
29,Ferrari Filippo,IF,R,R,0,0,2005
14,Gandolfi Andrea,UTL,R,R,0,0,1986
37,Grassani Davide,C,R,R,0,0,2006
56,Lori Maicol,1B,R,R,0,0,1991
2,Mantovani Pietro,OF,R,R,0,0,1995
62,Melegari Nicola,UTL,R,R,0,0,1998
10,Mordacci Lorenzo,RF,R,R,0,0,2005
77,Santana Payano Luis Manuel,P,R,R,0,0,1996
12,Schiaretti Andrea,UTL,R,R,0,0,2004
31,Sorrentino Fabio,C,R,R,0,0,2002
27,Trolli Davide,OF,R,R,0,0,1998
19,Aldegheri Mattia,P,R,R,0,0,1998
16,Astorri Cesare,IF,R,R,185,89,1998
12,Battioni Tommaso,IF,R,R,192,80,2000
46,Bocchi Matteo,P,R,R,193,100,1996
23,CONTRERAS ABREU Carlos Manuel,P,R,R,0,0,1991
2,De Leon Ramirez Anderson Alberto,P,R,R,,,1996
48,Desimoni Stefano,OF,L,L,0,0,1988
34,Fabiani Diego,P,R,R,0,0,1997
6,Flisi Riccardo,OF,R,R,183,85,1999
39,Gonzalez Sanamè Noel,UTL,L,R,0,0,1996
7,González Taveras Luís Manuel Junior,UTL,R,R,185,89,1994
72,GUILLEN DIAZ Pablo Luis,P,R,R,,,1998
13,Joseph Timo Manuel Marcelo,UTL,R,R,0,0,1994
11,Liddi Alex,UTL,R,R,193,102,1988
60,Lugo Lareschi Luis Eduardo,P,R,R,198,117,1994
36,Mineo Alberto,C,L,R,180,90,1994
15,Monello Giulio,C,R,R,180,85,1998
28,Orta Pedro Francisco,UTL,R,R,0,0,1982
51,Pasotto Andrea,OF,R,R,0,0,2001
26,Poma Sebastiano,OF,L,L,190,85,1993
35,Pomponi Francesco,P,R,R,0,0,2002
37,Rondon Sequera Danny Javier,P,R,R,183,74,1987
83,Sambucci Alex,1B,R,R,0,0,1989
41,Segreto Francesco,IF,R,R,0,0,2003
74,Wong Williams,2B,R,R,177,80,2005
10,Acosta Macuma Edgar Eduardo,UTL,R,R,0,0,2001
42,Alfinito Montecchi Simone,UTL,R,R,0,0,1997
14,Angelotti Torres Saul Giovanni,UTL,R,R,0,0,1989
29,Baraldi Scantamburlo Marco,UTL,R,R,0,0,1976
4,Bertolini Filippo,UTL,R,R,0,0,1989
25,Borghi Gabriele,UTL,R,R,0,0,1986
32,Carrasco Freionil,UTL,R,R,0,0,2007
7,Casali Matteo,UTL,R,R,0,0,2007
11,Ceriali Lorenzo Zeo,UTL,R,R,0,0,2000
16,Chirinos Guillen Felix Jesus,UTL,R,R,0,0,1992
5,Da Silva Romero Jesús Juvenal,UTL,R,R,178,80,2003
26,Espinosa Feliz Ruben Dario,UTL,R,R,0,0,1989
88,Faini Federico,UTL,R,R,0,0,1996
22,Foderaro Fabio,UTL,R,R,0,0,1983
56,Ganassi Davide,UTL,R,R,0,0,2006
85,MADAN MONTEJO Frank Edelmiro,UTL,R,R,178,95,1991
23,Nahr Cliyano Charles Elviro,UTL,R,R,,,2001
35,Perez Lo Giudice Luis Eduardo,UTL,R,R,0,0,2000
80,Puente Lacomba Luis Abraham,UTL,R,R,0,0,2001
34,Riccò Panciroli Fabio,UTL,R,R,0,0,1995
17,Riccò Panciroli Luca,UTL,R,R,0,0,1992
8,Sáenz Albornoz Alejandro Isaac,UTL,R,R,0,0,1999
15,Tejada Fernández Kevin Alberto,UTL,R,R,184,70,2002
84,Torelli Daniele,UTL,R,R,0,0,2007
47,Urena Sepulveda Victor Francisco,UTL,R,R,0,0,2003
48,Zanchi Enrico,UTL,R,R,0,0,1999
55,Bazzarini Simone,UTL,R,R,185,93,1994
23,Berini Stefano,UTL,R,R,178,80,1997
34,Bertoldi Nicholas,UTL,R,R,0,0,2004
16,Boscarol Thomas,UTL,R,R,0,0,2003
6,Cechet Ivan,UTL,R,R,183,97,1982
9,Da Re Giulio,UTL,R,R,180,80,2001
27,Furlan Daniele,UTL,R,R,180,80,1994
3,Furlani Luca,UTL,R,R,185,70,2000
5,Furlani Marco,UTL,R,R,181,64,2002
24,Gergolet Diego,UTL,R,R,180,75,2006
33,Gheno Pietro,UTL,R,R,170,60,1993
70,Ghergolet Marco,UTL,R,R,170,82,1998
12,Gonzales Hernandez Christofer,UTL,R,R,189,83,2003
7,Lubrano Andrea,UTL,R,R,0,0,2004
25,Miceu Mario,UTL,R,R,185,110,1990
2,Midena Mattia,UTL,R,R,0,0,2005
32,Nardi Francesco,UTL,R,R,179,82,1985
19,Pilutti Massimo,UTL,R,R,187,95,2001
33,Pilutti Paolo,UTL,R,R,0,0,2005
11,Pizzolini Marco,UTL,R,R,180,74,2000
22,RODRIGUEZ SEGOVIA Hector Tulio,UTL,R,R,189,85,1997
14,RUIZ TORRES Jean Carlos,UTL,R,R,185,84,1996
63,Santin Daniele,UTL,R,R,185,73,1991
31,Serra Alessandro,UTL,R,R,162,63,2002
47,Stabile Pietro,UTL,R,R,185,75,2000
80,Agostinello Filippo,UTL,R,R,0,0,2000
40,ASCANIO MENDEZ Manuel Josè,UTL,R,R,,,2000
18,Bernardi Andrea,UTL,R,R,0,0,2003
38,Bottazzi Tommaso,UTL,R,R,0,0,2006
1,Bravo Riquene Humberto,UTL,R,R,0,0,1992
15,Brusaferro Nicolò,UTL,R,R,0,0,2003
17,Buin Enrico,UTL,R,R,185,0,2003
36,Crepaldi Enrico,UTL,L,L,0,0,1987
22,Ferrari Mirko,UTL,R,R,0,0,1986
24,Frigato Giorgio,UTL,R,R,0,0,2005
33,Frigato Alessandro,UTL,L,L,0,0,2000
45,Gonzalez Alberto,UTL,R,R,0,0,2001
4,Greggio Manuel,UTL,R,R,0,0,2003
90,Javier Diaz Daury,UTL,R,R,0,0,2001
77,Lavezzo Tommaso,UTL,R,R,0,0,2000
16,Nosti Nicholas Gidon,UTL,R,R,0,0,1985
52,Pietrogrande Pablo,UTL,R,R,0,0,1996
2,Pillon Riccardo,UTL,R,R,0,0,2006
8,Rizzati Giovanni,UTL,R,R,0,0,2005
9,Russo Vincenzo,UTL,R,R,0,0,2006
31,Salvatore Enrico,UTL,R,R,0,0,1996
20,Sandalo Marco,UTL,R,R,0,0,1987
32,Stocco Marco,UTL,R,R,0,0,2003
10,Taschin Lorenzo,UTL,R,R,0,0,2003
12,Taschin Giacomo,UTL,L,L,180,79,2006
25,Agretti Filippo,UTL,S,R,0,0,1995
26,Albert Shakir Achmed Girigorie,UTL,R,R,185,90,1996
77,Andretta Maurizio,UTL,R,R,0,0,1998
80,Bassani Alex,UTL,R,R,173,85,1990
14,Bertossi Riccardo,UTL,R,R,170,78,2000
42,Civit San Martin Marc,UTL,R,R,183,68,2002
19,Crepaldi Filippo,UTL,R,R,181,87,1992
31,Cuomo Joseph Anthony,UTL,R,R,,,1998
9,Deotto Alessandro,UTL,R,R,0,0,1995
39,Dobboletta Lorenzo,UTL,R,R,0,0,1994
1,Dreni Julian,UTL,R,R,0,0,2000
22,Fuzzi Francesco,UTL,R,R,0,0,1985
70,Gamberini Samuele,UTL,R,R,180,100,2003
4,Garcia Rodriguez Robel Estiwal,UTL,R,R,0,0,1993
18,Helder Eugene Alexander Junior,UTL,R,R,178,90,1996
10,Josephina Kevin Carl Michael,UTL,R,R,185,80,1996
30,Liberatore Ernesto Paolo,UTL,R,R,0,0,1996
24,Liverziani Claudio,UTL,R,R,0,0,1975
16,LOPEZ NUÑEZ Porfirio Antonio,UTL,R,R,179,90,1990
55,Molina Brito Cristopher Junior,UTL,R,R,,,1997
6,Paolini Ricardo Segundo,UTL,R,R,0,0,1999
75,Rivero Pereda Raul Jose,UTL,R,R,0,0,1986
15,Robles Martin Federico Nicolas,UTL,R,R,175,70,1993
17,Scotti Claudio,UTL,R,R,0,0,1998
0,Seferina Darren Ferdinand,UTL,R,R,,,1994
35,Suarez Petrillo Pablo José,UTL,R,R,0,0,1988
25,Alberi Luca,OF,R,R,0,0,1990
18,Bacciocchi Andrea,1B,R,R,0,0,1998
24,Boccardi Matthew,UTL,R,R,0,0,1993
52,Boriotti Andrea,OF,R,R,0,0,2002
23,Caimmi Mattia,UTL,R,R,0,0,2000
5,Corio Giuseppe,UTL,R,R,0,0,1993
22,Gabbari Francesco,P,R,R,0,0,2003
3,Giancone Mirko,UTL,R,R,0,0,2008
38,Gintili Talon Luigi,UTL,R,R,0,0,2004
6,Locatelli Lorenzo,OF,R,R,0,0,2000
2,Marchini Mariano,UTL,R,R,,,1972
53,Nani Tommaso,UTL,R,R,0,0,2003
31,PAREDES SANCHEZ EDWARD VALENTINO ESTEFANO,P,R,R,,,1999
7,Penaloza Crisafi Carmelo Jose,UTL,R,R,0,0,1987
42,Raimondi Riccardo,OF,R,R,0,0,2003
19,Rasoira Matteo,UTL,R,R,0,0,1993
12,Riello Quiroga Kevin Leonardo,P,R,R,0,0,1997
28,Severino Familia Brian Antonio,UTL,R,R,0,0,2002
21,Speziali Luca,UTL,R,R,0,0,1999
29,Speziali Marco,UTL,R,R,0,0,1996
10,Uttini Edoardo,P,R,L,0,0,2003
50,Bruno Samuele,OF,R,R,183,80,2003
17,Bucchi Mattia,2B,R,R,185,103,1987
31,Canellini Davide,P,L,L,180,90,1994
16,Casadio Antonio,C/OF,R,R,0,0,2005
8,Casadio Matteo,3B,R,R,0,0,2006
39,Focchi Riccardo,P,R,R,185,78,2001
12,Freddi Luca,P,R,R,178,85,1993
6,Fuzzi Daniele,1B,R,R,178,83,1980
53,Galeotti Matteo,P,R,R,185,90,1981
22,Galli Samuele,UTL,R,R,184,92,2001
9,Geminiani Raffaele,C,R,R,0,0,2008
15,Laghi Cristian,OF,R,R,178,77,2005
26,Meriggi Giacomo,OF,R,R,187,92,1991
2,Minghelli Radolovich Nicolò,OF,R,R,171,84,1995
23,Monari Eugenio,UTL,R,R,180,85,1984
44,Orselli Manuel,2B/UTL,R,R,0,0,2004
19,Piumatti Gabriele,P/UTL,R,R,185,85,1995
56,Rodriguez Acosta Dariel,C/1B,R,R,175,100,1996
57,Rodriguez Salas José Alexander,P,R,R,0,0,1995
5,Sabbadini Alex,P,R,R,180,90,2001
41,Sabbatani Marco,C,R,R,179,85,1989
21,Servidei Luca,SS,R,R,175,75,1994
29,Servidei Marco,3B,R,R,180,88,2000
18,Tanesini Paolo,OF,L,R,170,72,1981
58,Allegri Alessandro,P/1B/OF/UTL,R,L,0,0,2005
2,Bettati Jacopo,1B/OF/UTL,R,R,0,0,1990
95,Cannata Gianmarco,2B/UTL,R,R,0,0,1998
6,Carima Emanuele,IF/UTL,R,R,0,0,2005
19,Carnevale Simone,P/UTL,R,R,184,87,2004
22,Catellani Sebastiano,P/OF/UTL,R,L,0,0,2004
54,Garbi Alberto,C/UTL,R,R,0,0,2006
1,Gremi Marcello,P/UTL,R,R,0,0,1992
16,Guglielmi Edoardo,2B/UTL,R,R,0,0,2004
43,Lori Emanuele,3B/IF,R,R,0,0,1990
77,Manghi Giacomo,OF/UTL,R,R,0,0,2003
15,Perez Santana Yan Luis,OF/UTL,R,R,0,0,2004
88,Pomponi Michele,P/3B/OF/UTL,R,R,0,0,1998
9,Rodríguez López Marc,C/UTL,R,R,191,95,2004
84,Spagnolo Nicola,P/1B/UTL,R,R,0,0,2005
50,Squarcia Riccardo,IF/UTL,R,R,0,0,2006
0,Tonelli Luca,UTL,R,R,0,0,1998
4,TORRES ZAMBRANO GABRIEL JOSE,P,L,L,,,2001
8,Vasquez Marrero Andres Eloy,P/UTL,R,R,,,2001
17,Zaccarini Elia,P,R,R,0,0,2006
37,Arcila Anthony,P,R,R,0,0,1991
48,Benetton Federico,P,R,R,0,0,2004
10,Benetton Riccardo,C,R,R,0,0,2004
9,Brunati Michele,C/DH,R,R,0,0,1994
88,Canache Soler Roberto Arturo,OF,R,R,0,0,1990
15,Giacomazzi Pierangelo,OF,R,R,0,0,1988
19,Lotti Alessandro,2B/3B/SS,R,R,0,0,2004
26,Maggiolo Leonardo,1B,R,R,0,0,2004
34,Magro Marco,1B,R,R,0,0,2000
82,Martignoni Andrea,P/OF,L,L,0,0,1997
70,Martinez Torrez Anderson Rafael,P,R,R,,,1993
32,Moccia Gianluca,2B/3B/SS,R,R,0,0,1977
25,Novello Davide,P/OF,L,L,0,0,1999
5,Pacini Filippo,UTL,R,R,0,0,1988
35,Salvagnin Tommaso,OF,R,R,0,0,2004
3,Sambugaro Matteo,OF,R,R,0,0,2004
24,Smaniotto Davide,P,L,L,0,0,2005
43,Talevi Exequiel Agustin,SS,R,R,0,0,1994
47,Tombel Riccardo,3B,R,R,0,0,1995
40,Tuzzi Riccardo,1B,R,R,0,0,2001
73,Urbinati Matteo,2B,R,R,0,0,1999
21,Anselmi Davide,P,R,R,0,0,1995
2,Bonamini Andrea,C/UTL,R,R,0,0,2003
5,Bottaro Giovanni,1B/DH,R,R,0,0,1978
15,Damon William John,UTL,R,R,,,1996
44,Dando Niccolò Christopher,P,R,R,0,0,2003
8,De Boni Filippo,C,R,R,0,0,1990
6,ELORZA Juan,P,R,R,171,65,2000
20,Falzi Nicola,OF,R,R,0,0,1994
18,Giarraputo Stefano,P/UTL,R,R,175,65,1997
14,Guarda Dario,P,R,R,0,0,1996
7,Guzman Castro Oscar Antonio,P,R,R,,,2003
45,Meliori Davide,SS/UTL,R,R,185,74,1998
12,Mondo Marco,LF/CF/RF,R,R,0,0,1984
25,Montalbetti Lucas Paolo,UTL,R,R,0,0,1983
55,Mosconi Leonardo,LF/CF/RF,R,R,0,0,1995
30,Nifosì Matteo,3B,R,R,0,0,2000
10,Orrasch Andrea,C/UTL,R,R,0,0,2001
27,Piccoli Davide,SS/UTL,R,R,0,0,2001
13,Rampo Elia,1B/CF,R,R,0,0,1991
33,Rubenstein Brody James,CF,R,R,,,1997
33,BARCELAN RODRIGUEZ JORGE LUIS,3B/UTL,R,R,170,80,1990
35,Biscontri Niccolò Maria,C/1B/UTL,R,R,173,75,1991
30,Carletti Matteo,P/UTL,R,R,175,70,1997
50,Chelli Gabriele,CF,R,R,173,65,2000
10,Cipriani Federico,UTL,R,R,175,80,1965
16,Cozzolino Federico,P/UTL,R,R,180,75,1994
14,Franceschelli Tommaso,UTL,R,R,175,65,2003
42,Gonzalez Valera Luis Gabriel,P,L,L,180,85,1993
22,Herrera Torrez Jose Francisco,3B/SS,R,R,175,80,1993
27,Hidalgo Reyes Stalin Stiven,P/UTL,R,R,185,70,2001
41,Martini Parilli Renzo Guillermo,1B/UTL,R,R,180,80,1992
43,Noguera Freddy Miguel,UTL,R,R,175,80,1991
70,Noguera Rodriguez Antonio,P,L,L,190,95,1988
38,Oberto Orlando Junior,P/UTL,L,L,185,88,1980
4,Pizzoli Gomez Franco Javier,C/1B/UTL,R,R,170,85,1994
17,Sarrocco Yuri,C/UTL,R,R,165,70,1999
15,TOMSJANSEN Rushenten Laybert Apostel,CF/UTL,R,R,180,69,2001
28,Vaglio Francesco,2B/UTL,R,R,175,70,2000
99,Adorni Tommaso,UTL,R,R,173,70,2004
9,Amoretti Arturo,UTL,R,R,0,0,2002
60,Astorri Simone,UTL,R,R,,,1996
6,Barba Matteo,UTL,R,R,0,0,2004
20,Bassi Marco,P,R,R,0,0,2000
70,Bigliardi Riccardo,UTL,L,L,0,0,2002
50,Borella Jacopo,P,R,R,0,0,2004
15,Covati Matteo,UTL,R,R,0,0,2001
11,Dallatana Federico,P,R,R,0,0,2000
77,Dentoni Federico,UTL,R,R,0,0,1998
29,Fasan Filippo,UTL,R,R,0,0,2004
18,Fava Jacopo,UTL,R,R,0,0,2001
33,Gerali Guido,UTL,R,R,0,0,1996
42,Gerali Matteo,UTL,R,R,0,0,2005
25,Gradali Lorenzo,UTL,R,R,0,0,1995
65,Guerra Ceballos Pedro Rafael,P,R,R,0,0,1990
14,Marchesi Francesco,UTL,R,R,0,0,1999
16,Marchesi Daniele,UTL,R,R,0,0,2003
91,Mazza Ivan,UTL,R,R,0,0,2004
7,Montanari Davide,UTL,R,R,0,0,2004
35,Piazza Manuel,UTL,R,R,0,0,1996
10,Rizzi Francesco,UTL,R,R,0,0,2005
8,Scialpi Matteo,UTL,R,R,0,0,2000
71,Silvestri Lorenzo,UTL,R,R,0,0,2006
26,Viloria Serda Nolberto Alexander,UTL,R,R,0,0,2000
69,Zoni Lorenzo,UTL,R,R,0,0,2005
59,Artitzu Marco,UTL,R,R,177,80,2002
69,Bäckström Leonard,UTL,R,R,191,90,1999
5,Benelli Omar,P/UTL,R,R,0,0,2005
55,Cappuccini Francesco,UTL,R,R,180,75,2003
8,Cinelli Niccolò,UTL,R,R,178,78,2002
19,Colasante Moises Vicente,UTL,R,R,178,85,1994
36,Diaz Diaz Marcos Antonio,UTL,R,R,175,75,1996
1,Doba Ion,UTL,R,R,178,75,2002
27,Faria Acosta Joaquin Euclides,UTL,R,R,0,0,2003
0,Forti Michele,UTL,R,R,0,0,2004
37,Funzione Niccolò,UTL,R,R,0,0,2004
90,Garcia Del Toro Eddy Abel,UTL,R,R,179,66,1992
25,Luciani Diego,UTL,R,R,0,0,2004
4,Marquez Coronado Angel Alexander,UTL,R,R,180,85,1986
88,Mega Nicola,UTL,R,R,175,70,1988
44,Milli Filippo,UTL,R,R,175,75,2002
0,Orlandini Lorenzo,UTL,R,R,0,0,2008
7,Pancellini Mirko,UTL,R,R,0,0,1997
18,Pasquini Sweed Maor Luca,UTL,R,R,0,0,2003
0,Piccinelli Tommaso,UTL,R,R,0,0,2005
50,Piccini Filippo,UTL,L,R,190,80,2002
0,Porto Edoardo,UTL,R,R,0,0,2008
15,Rodriguez Reyes Leomartires,UTL,R,R,0,0,1991
10,Scull Zayas Yordany,UTL,R,R,176,76,1979
12,Sireus Mattia,UTL,R,R,189,85,2002
13,Tiberi Francesco,UTL,R,R,172,70,2001
27,Annunziata Nino Andres Antonio,C/1B/UTL,R,R,182,90,2005
12,Barbona Lorenzo,2B/SS,L,R,173,68,2006
69,Barbona Alessandro,LF/UTL,L,L,173,60,2004
18,Bellucci Attilio,P,R,R,181,80,2005
34,Ciarla Alessandro,P,R,R,187,76,1997
24,Dini Davide,P,R,R,185,85,1995
6,Giordani Federico,LF/CF/RF,R,R,179,84,1997
19,Grimaudo Alessandro,LF/RF/UTL,L,R,185,78,1993
13,Guiotto Adriano,C,R,R,175,83,2007
22,Liguori Lars Vincent,P/UTL,L,L,188,85,1990
21,MARTINES Denverick Ezequiel,P,L,L,180,77,2001
50,Mazzanti Riccardo,LF/OF/UTL,R,R,160,50,2007
2,Mercuri Mattia,SS/UTL,R,R,184,94,1994
31,Paula José-Andres Gregorio,UTL,R,R,,,1999
28,Pecci Federico,P/UTL,R,R,180,84,1997
71,Pizziconi Andrea,P,R,R,188,105,1991
33,ROSA PANIAGUA Garabez,OF/UTL,R,R,188,95,1989
23,Scerrato Lorenzo,2B/DH,R,R,172,72,1999
3,Sellaroli Andrea,2B/CF/UTL,R,R,170,72,1997
41,Simone Valerio,P/UTL,L,L,182,90,1991
32,SOLLECITO MATTEO PIETRO,P/UTL,R,R,1.85,85,2000
52,Taschini Paolo,P/UTL,R,R,190,92,1994
4,Trinci Mario,C/1B/UTL,R,R,178,88,1994
9,Venditti Filippo,1B,R,R,185,85,2004
35,Zazza Manuel,3B/UTL,R,R,185,86,2005
46,Brignone Fabrizio,UTL,R,R,0,0,1993
3,Bulfone Leonardo,UTL,R,R,170,75,1998
0,Caranzetti Edoardo,UTL,R,R,,,1986
13,Cianfriglia Piero,UTL,R,R,,,1998
20,Colalucci Matteo,UTL,R,R,180,75,2004
58,Conti Daniele,UTL,R,R,0,0,1991
10,D'alessio Davide,UTL,R,R,0,0,1995
48,De Angelis Leonardo,UTL,R,R,0,0,2003
9,De Angelis Manuel,UTL,R,R,0,0,2000
1,Di Persia Daniele,UTL,R,R,163,58,2007
14,Faccendini Francesco,UTL,R,R,0,0,1998
36,Guardia Villa Kermin,UTL,R,R,,,1996
8,Lo Rillo Francesco,UTL,R,R,0,0,2003
4,Ludovisi Francesco,UTL,R,R,173,78,2000
16,Ludovisi Fabio,UTL,L,L,170,78,2002
11,Mautone Matteo,UTL,R,R,0,0,2006
5,Mazzanti Valerio,UTL,R,R,0,0,2002
21,Mercuri Danilo,UTL,R,R,0,0,1989
6,Messina Jordan,UTL,R,R,180,77,1998
99,Orefice Gabriele,UTL,R,R,0,0,1997
32,Piras Christian,UTL,R,R,0,0,2001
12,Porcari Federico,UTL,R,R,0,0,2005
43,Pouye Meissa,UTL,R,R,0,0,2005
37,Sabatini Filippo,UTL,R,R,0,0,2007
18,Visalli Francesco,UTL,R,R,0,0,1996
15,Visalli Riccardo,UTL,R,R,0,0,2003
88,Barbarini Daniele,UTL,R,R,0,0,1987
28,Corsini Andrea,UTL,R,R,0,0,1990
11,Cotti Tommaso,UTL,R,R,0,0,2003
6,Cupri Matteo,UTL,R,R,,,1995
10,Daraio Rocco,UTL,L,L,0,0,1994
4,De Martino Emanuele,UTL,R,R,0,0,1995
5,Delfrate Leonardo,UTL,R,R,0,0,2007
22,Dilauro Joel,UTL,R,R,0,0,2007
17,Fava Rodrigo Marcello,P/UTL,R,R,0,0,1992
69,Fontana Leonardo,UTL,R,R,0,0,2000
0,Fornari Giulio,UTL,R,R,0,0,2007
42,Frati Manuele,P/UTL,R,R,0,0,2002
55,Giulianotti Filippo,UTL,R,R,0,0,2002
86,Graiani Edoardo,UTL,R,R,0,0,1997
7,Lanfranchi Matteo,UTL,R,R,0,0,1996
37,Páez Foguet Eric,UTL,R,R,185,92,1995
9,Pavarani Aldo,UTL,R,R,148,40,2007
27,Romanini Edoardo,UTL,R,R,0,0,1997
32,Ronchini Filippo,UTL,R,R,0,0,2007
49,Salati Andrea,UTL,R,R,0,0,1984
98,Sassi Francesco,P/UTL,R,R,0,0,2003
23,Spotti Nicola,UTL,R,R,0,0,2006
12,Tarassi Gioele,UTL,R,R,0,0,2005
14,Wewala Gamage Sadas Pansilu,UTL,R,R,0,0,2007
19,Zambelli Alessandro,P/UTL,R,R,0,0,1997
77,Zani Davide,UTL,R,R,0,0,2008
7,Annunziata Nino Andres Antonio,C/UTL,R,R,182,90,2005
69,Barbona Lorenzo,2B/SS,L,R,173,68,2006
8,Barbona Alessandro,CF/OF,L,L,173,60,2004
16,Bellucci Attilio,P,R,R,181,80,2005
13,Bruno Samuele,LF/OF,R,R,183,80,2003
31,Carmellino Francesco Armando,OF/UTL,R,R,0,0,2007
3,Colalucci Matteo,P/3B,R,R,180,75,2004
34,D'auria Lorenzo,2B/IF,R,R,172,68,2001
41,Davenport Nicholas Alan,C/1B/RF,R,R,173,65,1991
17,De Donno Giacomo Maria,C/OF,R,R,178,70,2006
31,De Simone Samuele,UTL,L,R,0,0,1998
24,Dini Davide,P,R,R,185,85,1995
30,Ludovisi Fabio,LF/RF,L,L,170,78,2002
4,Ludovisi Francesco,C,R,R,173,78,2000
0,Matalone Christian,C/OF,R,R,0,0,2007
37,Merejo Ramirez Raymond Jose,1B/3B,R,R,182,95,1987
9,Messina Jordan,P,R,R,180,77,1998
32,Neri Nazzareno,CF/RF,R,R,175,77,1996
88,Restante Mattia,1B,R,R,170,90,1990
10,Ricci Federico,3B/SS,R,R,186,90,2003
0,Ruetti Valerio,IF,R,R,0,0,2007
23,Scerrato Lorenzo,2B/3B,R,R,172,72,1999
11,Smith Max,P,R,R,184,90,1993
6,Tomei Daniele,P/IF,R,R,172,75,2005
14,Zecchinelli Vincenzo,OF/UTL,R,R,0,0,2007
15,Araujo Cano Jose Gustavo,SS,R,R,0,0,1993
19,Baratella Simone,1B,R,R,0,0,1993
2,Becattini Manuele,C,R,R,0,0,1996
70,Beconcini Alessio,C,R,R,0,0,1970
31,Belnabe Torres Maicol Desmin,P,R,L,0,0,1995
4,Beudean Giovanni Gabriel,UTL,R,R,0,0,2004
59,Biondi Lapo,UTL,R,R,0,0,2001
0,Ciappi Daniele,UTL,R,R,,,1978
74,Colasante Moises Vicente,P/CF,R,R,0,0,1994
58,Degl'innocenti Giacomo,P,R,R,0,0,1993
36,Diaz Diaz Marcos Antonio,SS,R,R,0,0,1996
6,Geri Simone,LF,R,R,0,0,1991
11,Margheri Manuele,P,R,R,0,0,1981
90,Mata Ortiz Victor Paul,1B,R,R,0,0,1987
99,Menoni Leonardo,UTL,R,R,0,0,2001
38,Parrini Antonio,3B,R,R,0,0,1987
18,Pasquini Sweed Maor Luca,CF,R,R,0,0,2003
83,Ramirez Reyes Joshua Manuel,UTL,R,R,0,0,2000
77,Repetti Flavio,C/RF,R,R,0,0,2001
50,Rosario Ramirez Yeison,C,R,R,0,0,1995
20,Rudaj Arberim,2B,R,R,0,0,1996
77,Andretta Maurizio,P,R,R,0,0,1998
13,Bruno Samuele,UTL,R,R,0,0,2003
33,Carletti Matteo,UTL,R,R,0,0,1997
19,Carletti Michele,UTL,R,R,0,0,2002
1,Carletti Pietro,UTL,R,R,0,0,1965
16,Ceppari Leonardo,UTL,R,R,0,0,1998
0,Ciatti Matteo,UTL,R,R,0,0,1989
59,De Simone Samuele,UTL,R,R,0,0,1998
50,Fanali Stefano,UTL,R,R,0,0,1982
31,Feliz Castillo Rodolfo,UTL,R,R,0,0,1981
10,Gasparrini Matteo,UTL,R,R,0,0,2005
23,Gomez Carrasco Faustino,UTL,R,R,0,0,1993
7,Lanzi Leonardo,UTL,R,R,0,0,1998
11,Marianello Davide,UTL,R,R,0,0,2005
52,Marianello Roberto,UTL,R,R,0,0,2004
2,Marras Gabriele,UTL,R,R,0,0,2001
21,Pacchiarelli Paride,UTL,R,R,0,0,2005
2,Pacchiarotti Stefano,UTL,R,R,0,0,2003
70,Passa Mirko,UTL,R,R,0,0,2001
20,Passarelli Marco,UTL,R,R,0,0,1996
49,Pepponi Matteo,UTL,R,R,0,0,1999
17,Perez Cespedes Edward Antonio,UTL,R,R,0,0,1998
71,Polanco Marcantonio Giacomo Junior,UTL,R,R,0,0,1997
92,Prosperi David,UTL,R,R,0,0,1991
38,Salgado Nieves Miguel Alejandro,UTL,R,R,0,0,1982
14,Tabarrini Cristiano,UTL,R,R,0,0,1971
35,Testa Michele,UTL,R,R,0,0,1996
18,Vaglio Francesco,UTL,R,R,0,0,2000
44,Vincenti Gabriele,UTL,R,R,0,0,1998
30,Abate Riccardo,3B,R,R,0,0,2001
32,Aroche Jimenez Wilfredo Yasel,3B,L,R,0,0,1984
16,Bonaccorso Simone,LF,R,R,0,0,1996
42,Botta Alessandro,CF,L,R,0,0,1999
25,Botta Diego Maria,1B,L,L,0,0,1995
36,Bucalo Emanuele,C,R,R,0,0,2002
11,Cavallaro Andrea,LF,R,R,0,0,1995
2,Consiglio Corrado,CF,L,R,0,0,1996
28,D'ignoti Giuseppe,P,R,R,0,0,1987
6,Della Penna Roberto,P,L,L,0,0,1983
13,Fallica Alfio,RF,R,R,0,0,1996
21,Garcia Del Toro Eddy Abel,P,R,R,0,0,1992
1,Garcia Salazar Yuskiel,2B,R,R,0,0,1978
3,Gonzalez Sotelo Journey,P,R,R,0,0,1998
20,Hatma Enrique Starling,C,R,R,0,0,1999
54,Hernandez Espinosa Ruben,P,R,R,0,0,1995
23,Lopez Sanchez Manuel Alejandro,LF,R,R,0,0,1993
7,Maglio Manuel,P,R,R,0,0,2002
5,Maldonado Rogelio,RF,R,R,0,0,1982
27,Milici Concetto Federico,SS,R,R,0,0,2000
10,Morabito Simone Angelo,C,R,R,0,0,2006
24,Perciato Matteo,P,R,R,0,0,2000
4,Pinales Daniel P,SS,S,R,0,0,1982
43,Ricardo Reyes Alexander,P,R,R,0,0,1990
45,Russo Dario,1B,R,R,0,0,1995
47,Sciacca Salvatore,P,R,R,0,0,1983
19,Zappalà Tommaso,P,R,R,0,0,2001
28,Alloisio Giovanni,UTL,R,R,0,0,1995
15,Arcila Gonzalez Darwin Jose,UTL,R,R,0,0,1989
58,Bazzana Davide,UTL,R,R,0,0,1993
71,Bonetti Nicolò,UTL,R,R,0,0,1989
88,COLINA GOMEZ CARLOS JOSE',UTL,R,R,,,2005
49,Di Palma Riccardo,UTL,R,R,0,0,2005
77,Faita Simone,UTL,R,R,0,0,2005
24,Fazio Duran Carlos Mariano,UTL,R,R,,,2001
0,Federici Timothy,UTL,R,R,0,0,2006
27,Gorrin Gabriel Enrique,UTL,R,R,0,0,2002
3,Iannuzzi Giacomo Josè,UTL,R,R,0,0,2006
10,Jaramillo Marcano Milko Alexandre,UTL,R,R,0,0,1980
61,Nodal Suarez Elder,UTL,R,R,,,1989
34,Pellegrini Marco,UTL,R,R,0,0,1986
0,Piccinelli Federico,UTL,R,R,0,0,2006
11,Sbardolini Samuele,UTL,R,R,0,0,2006
35,Scaglia Gabriel Giuliano,UTL,R,R,0,0,2002
33,Velazquez Tamargo Eldi Jines,UTL,R,R,,,2003
1,Virgadaula Federico,UTL,R,R,180,70,2000
21,Virgadaula Luca,UTL,R,R,0,0,1995
22,Zatti Giovanni,UTL,R,R,0,0,2002
30,Alvarez Martinez Luis Miguel,P/OF,R,R,189,82,2005
9,Andres Turino Danny,CF/IF,R,R,174,86,2000
7,Angioi Gabriele,P/SS,S,R,180,75,2001
70,Angioi Filippo,IF/UTL,S,R,168,55,2008
0,Aramo Simone,UTL,R,R,164,55,2007
31,Cambarau Simone,IF,R,R,173,70,2005
1,Cao Tommaso,CF/UTL,R,R,178,70,2008
0,Cara Luca,OF/UTL,R,R,0,0,2002
21,Carta Alessandro,C,R,R,172,70,2005
2,Contu Marco,OF,R,R,175,68,2002
6,Cuesta Lindsay José Pablo,P/3B,R,R,184,100,1988
3,Delgado Castaneda Livan Francisco,P/1B,R,R,184,83,2001
18,Ebau Gabriele,UTL,R,R,174,80,1992
15,Esteban Ruíz Marcos,C/UTL,R,R,181,85,2004
14,Fandino Hidalgo Javier Jose,P,R,L,183,88,1991
44,Ibba Massimiliano,IF/UTL,R,R,170,63,2006
23,Murgia Edoardo,P/1B/OF,R,R,173,65,2001
8,PEREZ RIVERA ADRIAN,IF,R,R,173,70,2000
22,Rodriguez Cueto Kleyvert,P/IF/UTL,R,R,174,75,1978
35,Uccheddu Alessio,P/UTL,R,R,175,60,2007
48,URDANETA JOSE LUIS,P,R,R,182,80,2004
34,Bakkali Tahiri Mohamed,P/IF,R,R,0,0,2002
8,Bonilla Garcia Ramon Antonio,IF,L,R,0,0,1988
22,Calasso Simone,UTL,R,R,0,0,1996
59,Calero Gamez Angel Gustavo,P,L,L,0,0,1986
99,Cirilli Mattia,IF,R,R,0,0,2005
60,Corbino Enzo Alfredo,C,R,R,0,0,1995
3,Corrado Alessio,1B/OF,L,L,0,0,1994
33,Di Giacomo Alessandro,P,R,R,0,0,1994
9,Fabbri Alberto,IF/OF,R,R,0,0,2005
58,Fazio Baffo Andrea,C/1B/OF,R,R,0,0,2000
40,Galli Davide,C/2B/3B,R,R,0,0,2005
45,Galli Tommaso,UTL,R,R,0,0,2007
20,HENRIQUEZ Zaino Nasib,IF,S,R,,,1998
15,Hurtado Noa Yuliesky,P,R,R,0,0,1986
29,Infante Carreno Juan Carlos Junior,P/IF/OF,S,R,0,0,2002
6,Infante Luti Juan Carlos,3B,S,R,0,0,1981
38,Martinelli Claudio,P/1B,R,R,0,0,2006
91,Paltrinieri Alessio,P,L,L,0,0,1980
2,Pompilio Romolo,1B/IF,R,R,0,0,1994
17,Russo Eladio Alexander,OF,R,R,0,0,1993
4,Scala Niccolò Jordi,OF,R,R,0,0,1998
16,Scerrato Gianluca Oberdan,C,R,R,0,0,1992
13,Soto Lopez Erik Tomas,P,R,R,0,0,1990
14,Ventura Ventura Cipriano,P,R,R,0,0,1965
28,Alloisio Giovanni,OF/UTL,R,R,0,0,1995
18,Angeloni Niccolò,1B/UTL,R,R,0,0,1985
15,Arcila Gonzalez Darwin Jose,OF/UTL,R,R,0,0,1989
58,Bazzana Davide,3B/SS/UTL,R,R,0,0,1993
71,Bonetti Nicolò,P/UTL,R,R,0,0,1989
0,Di Palma Riccardo,UTL,R,R,0,0,2005
0,Faita Simone,UTL,R,R,0,0,2005
99,Federici Timothy,UTL,R,R,0,0,2006
27,Gorrin Gabriel Enrique,2B/UTL,R,R,0,0,2002
20,Gorrin Danny,UTL,R,R,0,0,1982
3,Iannuzzi Giacomo Josè,P/UTL,R,R,0,0,2006
33,IANNUZZI YEPEZ YEFFERSSON ANTONIO,P/UTL,R,R,,,1996
10,Jaramillo Marcano Milko Alexandre,3B/SS/UTL,R,R,0,0,1980
34,Pellegrini Marco,OF/UTL,R,R,0,0,1986
17,Peralta Reynoso Junior Eliazer,P/UTL,R,R,0,0,1998
88,Piccinelli Federico,P/UTL,R,R,0,0,2006
24,Ponce Frenes Hector Miguel,P/UTL,R,R,0,0,1992
61,Rodríguez López Marc,UTL,R,R,188,87,2004
11,Sbardolini Samuele,IF/UTL,R,R,0,0,2006
35,Scaglia Gabriel Giuliano,IF/UTL,R,R,0,0,2002
77,Staurenghi Ricardo,C/UTL,R,R,0,0,2006
46,Usanza Stefano,P/UTL,R,R,0,0,2002
1,Virgadaula Federico,P/UTL,R,R,180,70,2000
21,Virgadaula Luca,1B/UTL,R,R,0,0,1995
22,Zatti Giovanni,OF/UTL,R,R,0,0,2002
91,Zucchini Fabrizio,OF/UTL,R,R,0,0,1990
9,Andres Turino Danny,SS/OF,R,R,174,86,2000
7,Angioi Gabriele,P/SS,S,R,180,75,2001
16,Angioi Walter,UTL,R,R,0,0,1973
44,Aramo Simone,UTL,R,R,164,55,2007
21,Arrais Alessandro,P,R,R,176,80,2004
31,Cambarau Simone,UTL,R,R,173,70,2005
0,Careddu Michele Stefano,UTL,R,R,,,2006
8,Carta Alessandro,C/UTL,R,R,172,78,2005
19,Contu Marco,OF,R,R,174,68,2002
0,Contu Andrea,UTL,R,R,0,0,1999
6,Cuesta Lindsay José Pablo,P/IF,R,R,184,100,1988
3,Delgado Castaneda Livan Francisco,P/DH/OF,R,R,184,79,2001
18,Ebau Gabriele,UTL,R,R,0,0,1992
14,Fandino Hidalgo Javier Jose,P,L,L,183,88,1991
0,Frau Andrea,UTL,R,R,0,0,2001
0,Garau Gabriele,UTL,R,R,,,2004
27,Ghiani Lorenzo,IF/OF/UTL,R,R,172,64,2001
35,Ibba Massimiliano,2B/IF/UTL,R,R,0,0,2006
1,Moreta Ortiz Randy Rafael,P/OF/UTL,R,R,193,98,1995
23,Murgia Edoardo,P/DH/OF,R,R,173,65,2001
8,PEREZ RIVERA ADRIAN,2B/UTL,R,R,173,72,2000
12,Pestana Guia Reinaldo Leandro,C/1B,R,R,190,95,1987
24,Rodriguez Acosta Dariel,C/1B,R,R,175,100,1996
0,STARA STEFANO,UTL,R,R,,,2007
0,Uccheddu Alessio,UTL,R,R,0,0,2007
48,URDANETA JOSE LUIS,P/UTL,R,R,182,80,2004
58,Allegri Alessandro,P/UTL,R,L,0,0,2005
26,Bianchi Filippo,P/OF,R,R,0,0,2000
95,Cannata Gianmarco,IF,R,R,0,0,1998
52,Cantadori Giacomo,UTL,R,R,0,0,2006
22,Catellani Sebastiano,P/UTL,R,R,0,0,2004
57,Cornelli Edoardo,IF/UTL,L,R,0,0,2006
19,DUNO RODRIGUEZ ANGEL ALBERTO,P,R,R,0,0,1994
4,Fulgoni Andrea,UTL,R,R,0,0,2005
54,Garbi Alberto,UTL,R,R,0,0,2006
30,Ghidoni Tommaso,OF,R,R,0,0,2003
44,Ghidoni Michele,IF,R,R,0,0,2003
1,Gremi Marcello,P,R,R,0,0,1992
43,Lori Emanuele,IF,R,R,0,0,1990
77,Manghi Giacomo,OF/UTL,R,R,0,0,2003
10,Montes Alvaro Enrique,P/UTL,R,R,0,0,1980
9,Pavanati Federico,UTL,R,R,0,0,2004
15,Perez Santana Yan Luis,UTL,R,R,0,0,2004
8,Pomponi Francesco,P/IF,R,R,0,0,2002
38,Ragionieri Marco,C/IF,R,R,0,0,2004
90,Rasia Dal Polo Alessandro,UTL,R,R,0,0,2005
7,Rosales Motta Giovanny Andres,C/UTL,R,R,0,0,1999
12,Signorastri Davide,OF,R,R,180,77,1990
84,Spagnolo Nicola,P/UTL,R,R,0,0,2005
16,Tiburtini Federico,IF/UTL,R,R,0,0,2004
17,Zaccarini Elia,P/IF,R,R,0,0,2006
88,Zoni Riccardo,OF/UTL,R,R,0,0,2002
19,Aldegheri Mattia,P,R,R,0,0,1998
16,Astorri Cesare,UTL,R,R,185,89,1998
12,Battioni Tommaso,UTL,R,R,192,80,2000
50,Capellano Luca,P,R,R,0,0,2002
23,CONTRERAS ABREU Carlos Manuel,P,R,R,0,0,1991
48,Desimoni Stefano,OF,L,L,0,0,1988
51,Diaz Lezama Jose Alexander,P,R,R,0,0,1993
34,Fabiani Diego,P,R,R,0,0,1997
6,Flisi Riccardo,OF,R,R,183,85,1999
39,Gonzalez Sanamè Noel,UTL,L,R,0,0,1996
37,Habeck Marc-André René,P,R,R,0,0,1993
13,Joseph Timo Manuel Marcelo,SS/UTL,R,R,,,1994
11,Koutsoyanopulos Vitti Aldo Chris,UTL,S,R,186,90,1995
60,Lugo Lareschi Luis Eduardo,UTL,R,R,198,117,1994
36,Mineo Alberto,C,S,R,180,90,1994
15,Monello Giulio,C,R,R,180,85,1998
38,MONTILLA Emailin,P,R,R,188,114,1995
28,Orta Pedro Francisco,UTL,R,R,0,0,1982
26,Poma Sebastiano,OF,L,L,190,85,1993
30,Rivera Yomel,P,L,L,0,0,1992
7,Rodriguez Reyes Leomartires,3B,R,R,0,0,1991
83,Sambucci Alex,1B,R,R,0,0,1989
65,Scalera Luca,UTL,R,R,0,0,1986
43,Talevi Exequiel Agustin,IF,R,R,0,0,1994
33,Almora Escudero Julio Jesus,P,R,R,0,0,1998
16,Baez Joel Ernesto,P,R,R,0,0,1993
28,Baldi Michael,LF/CF/RF,R,R,0,0,2000
7,Burani Niccolò,P,R,R,0,0,1995
49,Campanini Nicolò,C/DH,R,R,0,0,1995
11,Caprara Gomez Gian Carlo,P,R,R,0,0,1991
25,Castillo Castillo Jonathan,UTL,R,R,,,2000
26,Censi Stefano,P/1B/LF,R,R,0,0,1999
19,Cepparulo Nicola,C/2B,R,R,,,2007
42,Cerini Andrea Luca,2B,R,R,0,0,2005
27,Ferrari Alessandro Francesco,C/OF,R,R,0,0,1995
36,Friggeri Matteo,3B/RF/DH,R,R,0,0,1997
51,Gastaldi Marco,C/3B,R,R,0,0,2001
23,Giovanardi Alex,P/1B/3B,R,R,0,0,2006
29,Guadagnino Diego Jesus,2B/3B/SS,R,R,0,0,1983
77,Guareschi Thomas,C/DH/OF,R,R,0,0,1993
2,Lettieri Leonardo,P/2B/SS,R,R,0,0,2005
76,Marconi Jacopo,LF/CF/RF/DH,R,R,0,0,2001
91,MEDINA GARCIA Frank Luis,P,R,R,185,87,1987
24,Minari Alexandro,2B/SS,R,R,0,0,2000
6,Nardi Alessandro,UTL,R,R,0,0,2000
12,Onceanu Daniel,2B/SS/OF,R,R,0,0,2002
31,Sassi Lorenzo,P,R,R,0,0,1999
15,Trevisan Nicolas,P,R,R,0,0,2000
88,Van Heydoorn Rudy Edward,C/1B/DH,R,R,195,105,1989
57,Zanichelli Davide,1B/DH,R,R,0,0,1982
2,Armigliati Matteo,IF,R,R,0,0,1990
43,Baravalle Gianluca,C/1B,R,R,0,0,1988
39,Bellebono Andrea,C/OF,R,R,0,0,2002
5,Betti Giuseppe,DH/OF,R,R,0,0,1987
20,Boniardi Simone,OF,R,R,0,0,1994
3,Bortolamai Giovanni,P,R,R,0,0,1999
0,Cristiano Andrea,UTL,R,R,0,0,1991
25,Estrada Martinez Endy Jesus,OF/UTL,R,R,180,78,2002
26,Franco Matteo,IF,R,R,0,0,1985
34,Grassi Stefano,P,R,R,0,0,1995
24,Hernandez Rojo Alexander José,C/3B,R,R,0,0,1992
33,Laise Alessandro,SS,R,R,0,0,2005
7,Leonesio Tommaso,3B,R,R,0,0,2004
28,Marcandalli Andrea,OF,R,L,0,0,1991
91,Marelli Matteo,P,R,R,0,0,2006
47,Marzullo Stefano,P,R,R,0,0,1998
18,Milani Niccolò,C/UTL,R,R,0,0,1987
40,Monticelli Davide,P,R,R,0,0,1987
22,Pistocchi Stefano,1B,L,R,0,0,1984
31,Realini Stefano,OF,R,R,0,0,1982
0,Rehman Shahbakhat Nazir,IF,R,R,0,0,2005
23,Rotondo Luigi,OF,R,R,0,0,2000
45,Sheldon Bryan,P/DH,L,R,0,0,1994
22,Alesso Matteo,P/UTL,R,R,0,0,2006
40,Amore Gabriele,P/UTL,R,R,,,1995
16,Belliero Lorenzo,RF/UTL,R,R,0,0,2005
18,Bolla Diego,P/UTL,L,L,0,0,2006
13,Boza Correa Carlos Richard,2B/3B/SS/UTL,R,R,0,0,1988
8,Calvo Federico,P/1B/UTL,L,L,0,0,1997
58,Calvo Giorgio,2B/3B/SS/UTL,R,R,0,0,2000
15,Cirillo Riccardo,C/UTL,R,R,0,0,2001
23,Cirillo Stefano,C/3B/UTL,R,R,0,0,2005
69,Figueredo Di Sarli Carlos David,C/UTL,R,R,0,0,1993
12,Frittella Edoardo,LF/UTL,R,R,0,0,2005
0,LASARACINA GIACONINO PAOLO,C/UTL,R,R,0,0,2003
47,Lavezzaro Simone,CF/UTL,R,R,0,0,2003
9,Minardi Fabrizio,P/UTL,R,R,0,0,1995
7,Pulvirenti Lorenzo,CF/UTL,R,R,0,0,1994
14,Regli Giorgio,C/1B/UTL,R,R,,,1992
11,Roasio Ivan,C/RF/UTL,R,R,0,0,2002
21,Roque Calderon Yoel Luis,LF/UTL,R,R,0,0,1996
68,Salvatore Alessio,CF/UTL,R,R,0,0,1999
75,Salvatore Simone,P/LF/UTL,R,R,0,0,2002
53,Santa Cruz Lara Lazaro Anderson,C/UTL,R,R,0,0,1986
28,Suarez Hernandez Yoel,P/UTL,R,R,0,0,1985
5,Varalda Mattia,P/RF/UTL,L,L,0,0,1995
55,Wong Williams,2B/3B/SS/UTL,L,R,0,0,2005
51,Agosto Andrea,P,R,R,0,0,2006
22,Alioto Giuseppe,P/OF,R,R,,,2005
37,Arcila Gonzalez Anthony Jose,P,R,R,0,0,1991
34,Barbero Paolo,OF,R,R,0,0,1987
12,Carrera Lopez Jesus Daniel,IF/OF,L,L,0,0,1993
28,Casciello Alberto Maria,IF,R,R,0,0,1986
5,Catalano Samuele,C/OF,R,R,0,0,2001
27,De Blasi Tommaso,IF,R,R,0,0,2004
32,De Maria Maurizio,IF,R,R,0,0,1987
10,Falciani Mattia,UTL,R,R,0,0,2003
52,Giarola Filippo,P,R,R,0,0,1998
2,Giarola Tommaso,IF,R,R,169,79,2000
11,Gismondi Ludovico,P,R,R,0,0,2000
54,Jayakodi Arachchige Don Adriano Malith,C,R,R,0,0,2003
20,Marziale Jacopo,C/OF,R,R,0,0,2001
59,Meloni Giulio,IF,R,R,0,0,2006
8,Meschini Michele,P,L,L,0,0,1992
91,Oldano Matteo,IF/OF,R,R,0,0,2000
24,Pascoli Matteo,IF,R,R,0,0,1997
39,Pascoli Marco,P/IF,L,R,0,0,1994
25,Peloro John Salvatore,C/IF,R,R,0,0,1997
9,Robles Martin Federico Nicolas,P/UTL,R,R,175,70,1993
15,Rodriguez Salas José Alexander,P,R,R,0,0,1995
14,Salto Fabrizio,P,R,R,,,1987
21,Valetti Gabriele,IF,R,R,0,0,2001
7,Zingarelli Edoardo,P,R,R,0,0,2004
25,Agretti Filippo,IF/UTL,S,R,0,0,1995
77,Andretta Maurizio,P/UTL,L,L,0,0,1998
80,Bassani Alex,P/UTL,R,R,173,85,1990
14,Bertossi Riccardo,OF/UTL,R,R,170,78,2000
46,Bocchi Matteo,P/UTL,R,R,193,100,1996
34,BROLO GOUVEA Murilo,P/UTL,R,R,188,88,1988
19,Crepaldi Filippo,P/UTL,R,R,181,87,1992
9,Deotto Alessandro,C/IF/OF/UTL,R,R,0,0,1995
39,Dobboletta Lorenzo,OF/UTL,R,R,0,0,1994
1,Dreni Julian,IF/OF/UTL,R,R,0,0,2000
22,Fuzzi Francesco,IF/OF/UTL,R,R,0,0,1985
18,Gonzalez Polanco Luis Humberto,P/UTL,R,R,188,77,1992
15,González Taveras Luís Manuel Junior,IF/UTL,R,R,185,89,1994
29,Grimaudo Alessandro,IF/OF/UTL,L,R,0,0,1993
16,Josephina Kevin Carl Michael,IF/UTL,R,R,185,80,1996
38,LAMPE Gilmer Reginald Ralph,OF/UTL,R,R,191,88,1990
30,Liberatore Ernesto Paolo,C/IF/UTL,R,R,0,0,1996
41,Martini Parilli Renzo Guillermo,IF/UTL,R,R,0,0,1992
6,Paolini Ricardo Segundo,IF/UTL,L,R,0,0,1999
75,Rivero Pereda Raul Jose,P/UTL,R,R,0,0,1986
35,Scafidi Christian Paul,P/UTL,R,R,0,0,1997
1,Abate Brian,2B/3B/SS/UTL,R,R,180,73,2002
20,Abreu Florimon Alcis Manuel,P,R,R,180,73,2002
55,Anzanel Nicola,C,R,R,175,82,2004
40,Bertoldi Davide,P,R,R,180,87,1994
4,Boscarol Giacomo,2B/SS,R,R,187,87,1997
30,Cirucci Jose Gabriel,C/1B,R,R,179,86,2000
7,Collado Jordano,C/1B/3B,S,R,180,108,1981
3,D'oriano Gioele,2B/3B/SS/UTL,R,R,182,74,2001
27,Dalla Silvestra Matteo,P,L,L,183,80,2005
58,Di Michele Fanose,P/OF,R,R,170,60,2003
43,Egbugwo Timothy Uchechukwu,OF,R,R,180,86,1993
23,Garcia Almonte Anthony Gregory,P/SS/UTL,L,R,180,70,1993
14,GONZALEZ RINO ANDRES,P,R,R,173,65,1998
50,Jimenez Gomez Elias,P,R,R,183,80,1993
45,Maccagnan Luca,P/1B/OF,R,R,187,85,1998
16,Ricciarelli Marco,UTL,R,R,180,73,1986
35,Sassi Emanuele,C/IF,R,R,180,83,2005
39,Sena Ramirez Galbert Jhonatan,IF/UTL,R,R,170,72,1988
8,Serra Riccardo,OF,R,R,170,72,1998
60,TAVAREZ RICKY DE JESUS,C/UTL,R,R,170,73,2003
24,Tomasin Alberto,P/CF/RF,R,R,0181,085,1997
12,Vidili Andrea,IF/OF,R,R,173,74,1999
25,Zambon Enrico,P,R,R,196,88,2002
24,Acerbi Edoardo,P,R,R,0,0,1998
5,Alfieri Leonardo,2B/SS,R,R,0,0,2002
88,Bellini Emanuele,C,R,R,0,0,2003
4,Benetti Davide,2B/3B,R,R,0,0,1994
25,Bertolini Romano,P,R,R,0,0,1995
13,Boschi Alessandro,2B/SS,R,R,180,75,2005
22,Calasso Simone,3B,R,R,0,0,1996
1,Carpana Marco,P,R,R,0,0,2001
98,Coffrini Luca,UTL,R,R,0,0,1998
8,Daddi Filippo,OF,L,L,0,0,1999
30,Dallaturca Lorenzo,P,L,L,0,0,1988
18,Ferrari Filippo,IF/UTL,R,R,0,0,2005
7,Finetti Andrea,UTL,R,R,0,0,1966
46,Gamberini Samuele,UTL,R,R,180,100,2003
56,Lori Maicol,C/1B,R,R,0,0,1991
2,Mantovani Pietro,CF,R,R,0,0,1995
62,Melegari Nicola,OF,R,R,0,0,1998
37,Mordacci Lorenzo,OF,R,R,0,0,2005
21,Pasotto Andrea,RF,R,R,0,0,2001
77,Santana Payano Luis Manuel,P,R,R,0,0,1996
31,Sorrentino Fabio,C,R,R,0,0,2002
27,Trolli Davide,OF,R,R,0,0,1998
32,Zotti Matthias,UTL,R,R,0,0,1997
20,Antonello Andrea,UTL,R,R,0,0,2005
6,Bechevolo Samuele,P/UTL,R,R,,,1999
26,Bellafiore Samuel,P/OF,L,L,0,0,1985
9,Brunati Michele,C/1B,R,R,0,0,1994
40,Colina Rafael Josè,2B/UTL,R,R,0,0,1986
2,D'angelo Alessandro,IF/UTL,R,R,0,0,1997
24,D'angelo Francesco,OF/UTL,R,R,0,0,1996
7,Dal Prà Nicola,C/UTL,R,R,0,0,1995
64,De La Rosa Erick Alexander,P/UTL,R,R,0,0,1997
22,De Los Santos Soto Pedro Angel,2B/UTL,R,R,,,1999
33,FRANCO BENCOMO Jorge Luis,C/OF/UTL,R,R,180,,2002
11,Guevara Carlos Modesto,1B/DH,R,R,0,0,1985
4,Martinez Torrez Rafael Anderson,P,R,R,,,1993
32,Moccia Gianluca,IF/UTL,R,R,0,0,1977
18,Novello Leonardo,DH/OF,R,R,0,0,1996
10,Polanco Marcantonio Giacomo Junior,P,L,L,0,0,1997
5,Sanson Andrea,1B/3B/DH,R,R,0,0,1995
85,Sciacca Giuseppe,1B/DH/OF,R,R,0,0,1985
42,Tonolo Daniele,OF,R,R,170,0,1991
8,Valenzuela Albert Saul,SS/IF,R,R,0,0,2002
0,Zappia Lorenzo,UTL,R,R,0,0,2005
19,Zappia Massimiliano,DH/UTL,R,R,0,0,1974
48,Benetton Federico,P,R,R,0,0,2004
10,Benetton Riccardo,C,R,R,0,0,2004
88,Canache Soler Roberto Arturo,P/OF,R,R,0,0,1990
16,Fabris Lorenzo,2B,R,R,0,0,1993
51,Faccini Giovanni,P,R,R,0,0,1987
53,Fracchiolla Rios Gianny Tomasso,P,L,L,0,0,1991
72,Frigo Alessandro,C/DH,R,R,0,0,1987
91,Gambardello Andrew Jay,P,R,R,0,0,1990
15,Giacomazzi Pierangelo,OF,R,R,0,0,1988
0,GONZALEZ LEON HERMES DAVID,P,R,R,0,0,1995
69,Hatma Enrique Starling,C/1B/DH,R,R,0,0,1999
4,Juaquin Urwin Enrique Estefano,SS,R,R,0,0,1997
19,Lotti Alessandro,P/2B/3B/SS,R,R,0,0,2004
34,Magro Marco,1B,R,R,0,0,2000
82,Martignoni Andrea,P/OF,L,L,0,0,1997
14,Medoro Raffaele,C/OF,R,R,0,0,1988
5,Pacini Filippo,1B/OF,R,R,0,0,1988
35,Salvagnin Tommaso,CF,R,R,0,0,2004
56,Sambugaro Matteo,P/OF,R,R,0,0,2004
57,Sbarai Stefano,P,L,L,0,0,1994
44,Smaniotto Davide,P/1B,L,L,0,0,2005
22,Spinelli Giancarlo,1B,R,R,0,0,1987
47,Tombel Riccardo,P/3B,R,R,0,0,1995
27,Turioni Simone,OF,R,R,0,0,2000
73,Urbinati Matteo,2B/3B/SS,R,R,0,0,1999
8,Zuin Alessandro,2B,R,R,0,0,2005
55,Bazzarini Simone,P,R,R,185,93,1994
23,Berini Stefano,1B,R,R,178,80,1997
34,Bertoldi Nicholas,UTL,R,R,185,83,2004
20,Boscarol Thomas,C,R,R,180,73,2003
6,Cechet Ivan,CF,R,R,183,97,1982
9,Da Re Giulio,C,R,R,180,80,2001
27,Furlan Daniele,CF,R,R,180,80,1994
3,Furlani Luca,IF,R,R,185,70,2000
5,Furlani Marco,LF,R,R,181,64,2002
7,Gergolet Diego,P,R,R,180,75,2006
33,Gheno Pietro,C,R,R,170,60,1993
57,Ghergolet Marco,IF,R,R,170,82,1998
24,Gonzales Hernandez Christofer,P,R,R,189,83,2003
63,Lubrano Andrea,P,R,R,188,82,2004
2,Malusà Davide,IF,L,R,180,83,2004
25,Miceu Mario,3B,R,R,185,110,1990
70,Midena Mattia,OF,R,R,190,80,2005
32,Nardi Francesco,P,L,L,179,82,1985
19,Pilutti Massimo,IF,R,R,187,95,2001
11,Pizzolini Marco,P,R,R,180,74,2000
22,RODRIGUEZ SEGOVIA Hector Tulio,P,L,L,189,85,1997
63,Santin Daniele,UTL,R,R,185,73,1991
31,Serra Alessandro,C,L,R,162,63,2002
12,Stabile Marco,P,R,R,190,90,2002
14,Stabile Mario,OF,L,L,187,83,2003
47,Stabile Pietro,P,L,L,185,75,2000
80,Agostinello Filippo,C,R,R,0,0,2000
18,Bernardi Andrea,C/IF,R,R,0,0,2003
1,Bravo Riquene Humberto,IF,L,R,0,0,1992
15,Brusaferro Nicolò,IF,R,R,0,0,2003
17,Buin Enrico,P/IF,R,R,185,0,2003
32,Callegari Francesco,P,R,R,0,0,1990
36,Crepaldi Enrico,P,L,L,0,0,1987
29,De Marchi Lorenzo,P/OF,R,R,0,0,2003
22,Ferrari Mirko,P/OF,R,R,0,0,1986
33,Frigato Alessandro,OF,L,L,0,0,2000
45,Gonzalez Alberto,IF,R,R,0,0,2001
4,Greggio Manuel,OF,L,R,0,0,2003
90,Javier Diaz Daury,P,R,R,0,0,2001
16,Nosti Nicholas Gidon,IF,R,R,0,0,1985
40,Perez Muzzarelli Daniel Augusto,P,R,R,,,2001
52,Pietrogrande Pablo,P,R,R,0,0,1996
69,Pizzoli Gomez Franco Javier,C,R,R,,,1994
8,Russo Vincenzo,UTL,R,R,0,0,2006
38,Salgado Nieves Miguel Alejandro,C,R,R,0,0,1982
31,Salvatore Enrico,OF,R,R,0,0,1996
20,Sandalo Marco,IF/UTL,R,R,0,0,1987
12,Taschin Giacomo,P/OF,L,L,0,0,2006
10,Taschin Lorenzo,P/UTL,R,R,0,0,2003
5,Verzin Pietro,UTL,S,R,0,0,2005
21,Anselmi Davide,P,R,R,0,0,1995
2,Bonamini Andrea,C/UTL,R,R,0,0,2003
26,Bonilla Garcia Ramon Antonio,SS,L,R,0,0,1988
5,Bottaro Giovanni,UTL,R,R,0,0,1978
25,Briggi Giulio,UTL,L,L,,,1996
59,Castagna Alberto,UTL,R,R,0,0,1991
38,Corradini Roberto,P,R,R,0,0,1978
44,Dando Niccolò Christopher,P,R,R,0,0,2003
8,De Boni Filippo,C,R,R,0,0,1990
20,Falzi Nicola,UTL,R,R,0,0,1994
14,Guarda Dario,P,R,R,0,0,1996
45,Meliori Davide,2B/UTL,R,R,185,74,1998
12,Mondo Marco,OF,R,R,0,0,1984
55,Mosconi Leonardo,OF,R,R,0,0,1995
30,Nifosì Matteo,3B,R,R,0,0,2000
7,Novello Davide,CF/OF,L,L,0,0,1999
10,Orrasch Andrea,C/UTL,R,R,0,0,2001
9,Pargas Rangel Moisses,P/UTL,L,L,0,0,1993
27,Piccoli Davide,P/UTL,R,R,0,0,2001
13,Rampo Elia,1B/OF,R,R,0,0,1991
37,Salviato Filippo,P,R,R,0,0,1991
33,Salviato Francesco,OF,R,R,0,0,1994
35,Tebaldi Rocco,P/DH,R,R,0,0,1984
99,Adorni Tommaso,OF,R,R,173,70,2004
42,Alfinito Montecchi Simone,IF,R,R,0,0,1997
6,Barba Matteo,2B,R,R,0,0,2004
20,Bassi Marco,P,R,R,0,0,2000
70,Bigliardi Riccardo,P,L,L,0,0,2002
22,Bonvini Francesco Maria,P,R,R,193,89,2000
15,Covati Matteo,UTL,R,R,0,0,2001
11,Dallatana Federico,P,R,R,0,0,2000
52,Delmonte Tommaso,UTL,R,R,0,0,1999
77,Dentoni Federico,OF,R,R,0,0,1998
29,Fasan Filippo,UTL,R,R,0,0,2004
12,Fasan Matteo,IF,R,R,0,0,1998
18,Fava Jacopo,C,R,R,0,0,2001
25,Gradali Lorenzo,IF,R,R,0,0,1995
65,Guerra Ceballos Pedro Rafael,P,R,R,0,0,1990
16,Marchesi Daniele,SS,R,R,0,0,2003
14,Marchesi Francesco,C/OF,R,R,0,0,1999
35,Piazza Manuel,2B,R,R,0,0,1996
82,Pietrucci Francesco,C,R,R,0,0,2000
26,Rizzi Francesco,UTL,R,R,0,0,2005
27,Scala Niccolò Jordi,OF,R,R,0,0,1998
31,Segreto Francesco,C,R,R,0,0,2003
7,Silvestri Lorenzo,C,R,R,0,0,2006
54,Viloria Serda Nolberto Alexander,UTL,R,R,0,0,2000
56,Zanchi Enrico,P,R,R,0,0,1999
69,Zoni Lorenzo,C,R,R,0,0,2005
17,Bucchi Mattia,2B,R,R,185,103,1987
31,Canellini Davide,P,L,L,180,90,1994
16,Casadio Antonio,C,R,R,178,74,2005
8,Casadio Matteo,3B/UTL,R,R,174,80,2006
1,Evangelista Jose Digno Emmanuel,C/DH,R,R,174,75,1988
39,Focchi Riccardo,P,R,R,185,78,2001
6,Fuzzi Daniele,1B,R,R,178,83,1980
53,Galeotti Matteo,P,R,R,185,90,1981
22,Galli Samuele,1B,R,R,184,92,2001
50,Garcia Del Toro Eddy Abel,P,R,R,179,66,1992
20,Grado Giuseppe Gabriel,P,L,L,182,74,2003
40,Laghi Filippo,P,R,R,180,83,2003
15,Laghi Cristian,P/OF,R,R,178,78,2005
4,Meriggi Davide,LF,R,R,182,86,1995
26,Meriggi Giacomo,RF,R,R,187,92,1991
2,Minghelli Radolovich Nicolò,RF,R,R,171,84,1995
23,Monari Eugenio,C/1B/OF,R,R,180,85,1984
44,Orselli Manuel,2B,R,R,166,72,2004
69,Piolanti Simone,2B,R,R,178,75,2003
19,Piumatti Gabriele,P,R,R,185,85,1995
5,Sabbadini Alex,P,R,R,180,90,2001
41,Sabbatani Marco,C/UTL,R,R,179,85,1989
21,Servidei Luca,SS/IF,R,R,175,75,1994
29,Servidei Marco,3B/IF,R,R,180,88,2000
18,Tanesini Paolo,CF,L,R,170,72,1981
55,Vallejo Guillen Luis Manuel,2B/SS/UTL,R,R,191,77,2000
30,Bacci Lorenzo,RF,L,L,0,0,2004
67,Bazzi Simone,3B/RF,R,R,0,0,1998
6,Borghi Gilberto,1B/RF,L,L,0,0,1998
33,Bortolotti Luca,P,R,R,0,0,1995
5,Campanella Lorenzo,P,R,R,0,0,2000
21,Cantelli Alessandro,P,R,R,0,0,2002
2,Canuti Tomas,2B/SS,R,R,0,0,2002
1,Curvelo Navarro Uriel Francisco,P,R,R,0,0,2002
27,Ferini Andrea,LF/CF,R,R,0,0,1998
43,Ferri Jacopo,2B/3B,R,R,0,0,2001
10,Franceschini Rafael,RF,R,R,0,0,1997
55,Lambertini Lorenzo,C/RF,R,R,0,0,2004
19,Marchi Davide,2B/3B/SS,R,R,0,0,2000
58,Monti Daniel Xavier,UTL,R,R,184,84,2000
77,Moronta Rodriguez Francisco Julian,2B,R,R,0,0,2003
48,Nanetti Andrea,P,R,R,0,0,1997
47,Rondelli Lorenzo,CF,R,R,0,0,1998
69,Sosa Silva Kevin Rafael,UTL,R,R,0,0,1995
28,Tassoni Riccardo,C/RF,R,R,0,0,1999
8,Anitohin Jeron Crisostomo,P,R,R,0,0,2000
34,Bakkali Tahiri Mohamed,P/IF,R,R,0,0,2002
59,Calero Gamez Angel Gustavo,P,L,L,0,0,1986
20,Campazzi Simone,OF,R,R,0,0,1995
68,Corbino Enzo Alfredo,C,R,R,0,0,1995
3,Corrado Alessio,1B/OF,L,L,0,0,1994
9,Di Ronza Claudio,P/C/SS,R,R,0,0,2006
43,Fabbri Alberto,IF/OF,R,R,0,0,2005
58,Fazio Baffo Andrea,C/1B/OF,R,R,0,0,2000
60,Galli Davide,C/2B/3B,R,R,0,0,2005
15,Hurtado Noa Yuliesky,P,R,R,0,0,1986
29,Infante Carreno Juan Carlos Junior,P/IF/OF,S,R,0,0,2002
6,Infante Luti Juan Carlos,3B,S,R,0,0,1981
70,Martinelli Claudio,P/1B,R,R,0,0,2006
33,Martone Luca,SS,S,R,0,0,1992
91,Paltrinieri Alessio,P,L,L,0,0,1980
47,Petralia Alessandro,P,R,R,0,0,1990
2,Pompilio Romolo,1B/IF,R,R,0,0,1994
22,Roero Francesco,P/OF,R,R,0,0,2006
17,Russo Eladio Alexander,OF,R,R,0,0,1993
16,Scerrato Gianluca Oberdan,C,R,R,0,0,1992
13,Soto Lopez Erik Tomas,P,R,R,0,0,1990
11,Stefani Luca,C/OF,R,R,0,0,2005
7,Tamburrini Giorgio,OF,L,R,0,0,1992
28,Ventura Rodriguez Julio Cesar,IF,R,R,0,0,1993
14,Ventura Ventura Cipriano,P,R,R,0,0,1965
34,Albini Stefano,UTL,S,R,0,0,1998
37,Beccari Alessandro,UTL,R,R,0,0,2004
77,Berardi Federico,UTL,R,R,0,0,2003
44,Biondi Alessandro,UTL,R,R,0,0,1989
26,Emanuelli Nicolò,UTL,R,R,0,0,2000
93,Giovanelli Matteo,UTL,R,R,0,0,2004
79,Giovannini Lucio,UTL,R,R,0,0,2002
32,Greco Francesco,UTL,S,S,0,0,2005
39,Ioli Nicolò,UTL,R,R,0,0,2000
50,Ioli Simone,UTL,R,R,0,0,2004
9,Lonzi Alex,UTL,R,R,0,0,2002
37,Magnani Luca,UTL,R,R,0,0,2006
33,Masini Gioele,UTL,R,R,0,0,1993
7,Mazzone Alessandro,UTL,R,R,0,0,2006
23,Muccini Tommaso,UTL,R,R,0,0,2002
60,Nicolas Spezi,UTL,R,R,0,0,2004
8,Pedrazzi Davide,UTL,R,R,0,0,2003
63,Poggioli Thomas,UTL,R,R,0,0,2002
27,Ravegnani Riccardo,UTL,S,S,0,0,2004
3,Rossi Stefano,UTL,R,R,0,0,1976
2,Sartini Elia,UTL,R,R,0,0,2004
53,Scarpellini Riccardo,UTL,R,R,0,0,2001
3,Aiello Tommaso,P,R,R,0,0,2001
38,Baccelli Marco,C,R,R,0,0,1986
40,Bertagnon Riccardo,C,L,R,0,0,1984
42,Bonemei Davide,RF,R,R,0,0,1999
82,Canini Alberto,CF,R,R,0,0,1989
63,CARRILLO SUAREZ ERIEL,P,R,R,0,0,1995
60,Cianci Enrico,SS,R,R,0,0,2002
44,Cianci Giulio,3B,R,R,0,0,1997
24,Cifalinò Thomas,3B,R,R,0,0,2003
30,Cortesi Giovanni,P,R,R,0,0,2002
34,Cortesi Yuri,SS,R,R,0,0,2003
21,Del Bianco Daniele,P,R,R,0,0,1978
29,Di Giacomo Alessandro,P,R,R,0,0,1994
11,Fabbri Matteo,P,R,R,0,0,2002
41,Filippini Giuseppe,RF,R,R,0,0,2002
43,Focchi Amedeo,LF,R,R,0,0,1988
0,Gabrielli Andrea,C/UTL,R,R,0,0,1999
9,Gabrielli Luca,3B,R,R,0,0,1991
55,Pandolfi Mattia,1B/DH,R,R,0,0,1986
27,Perazzini Enrico,2B,R,R,0,0,1999
53,Pini Romano Santiago,CF,R,R,0,0,2002
35,Ridolfi Francesco,P,R,R,0,0,2002
7,Ruggeri Davide,RF,R,R,0,0,1999
20,Tognacci Gianluca,P,R,R,0,0,2000
0,Tombari Jacopo,UTL,R,R,0,0,2004
15,Zappone Lino Johel,SS,R,R,0,0,1988
26,ALBANEZ RIENZO André,P/UTL,R,R,,,1988
12,Angelini Luigi,C/UTL,R,R,0,0,1973
4,Angulo Gamez Oscar David,IF/UTL,R,R,180,76,1984
50,Baez Fernando,P/UTL,L,L,0,0,1992
24,Batista De Jesus Nathanael Manoly,IF/OF/UTL,R,R,180,80,1995
25,Celli Federico,OF/UTL,R,R,188,100,1995
15,Centeno Guiterrez Henry Jesus Ysaih,UTL,R,R,0,0,1994
22,Da Silva Tiago Felipe,P/UTL,R,R,0,0,1985
54,Di Fabio Lorenzo,IF/OF/UTL,R,R,0,0,1992
16,Di Raffaele Lorenzo,IF/UTL,R,R,0,0,1994
35,Di Raffaele Luca,P/UTL,L,L,183,0,1994
13,Epifano Duran Erick Alessandro,IF/UTL,R,R,188,88,1990
27,Ferrini Colmenarez Jose Leonardo,IF/UTL,R,R,180,0,1989
2,KOURTIS Dimitrios,P/UTL,R,R,190,104,1992
21,LEONORA Dudley Lauriano Michael Junior,IF/OF/UTL,R,R,187,94,1991
14,Lino Correa Gabriel Eloy,C/UTL,R,R,190,90,1993
37,Mazzocchi Rene Rafael,P/UTL,L,L,0,0,1988
20,Morresi Lorenzo,C/UTL,S,R,0,0,2001
62,Palumbo Cardozo Angelo Michelle Paolo,P/UTL,R,R,193,90,1995
71,Peluso Rodriguez Eduardo Andres,P/UTL,L,L,180,80,1998
6,Pieternella Vargas Ortwin Hose,C/UTL,R,R,0,0,1999
7,Pulzetti Luca,IF/OF/UTL,R,R,0,0,1994
29,Quattrini Gabriele,P/UTL,R,R,195,115,1996
70,Quevedo Viso Carlos Eduardo,P/UTL,R,R,0,0,1989
77,Ustariz Luis Jesus Alberto,IF/UTL,R,R,186,90,1993
28,Corsini Andrea,UTL,R,R,0,0,1990
55,Cotti Tommaso,UTL,R,R,0,0,2003
0,Cupri Lorenzo,UTL,R,R,0,0,1997
10,Daraio Rocco,UTL,R,R,0,0,1994
15,Das Neves Marin Luis Jesus,UTL,R,R,,,2002
24,De Martino Emanuele,UTL,R,R,0,0,1995
0,Delfrate Leonardo,UTL,R,R,0,0,2007
0,Dilauro Joel,UTL,R,R,0,0,2007
0,Ferrari Fabio,UTL,R,R,0,0,2004
0,Folli Stefano,UTL,R,R,0,0,2005
69,Fontana Leonardo,UTL,R,R,0,0,2000
42,Frati Manuele,UTL,R,R,0,0,2002
31,Giulianotti Filippo,UTL,R,R,0,0,2002
86,Graiani Edoardo,UTL,R,R,0,0,1997
0,Guglielmi Edoardo,UTL,R,R,0,0,2004
2,Lanfranchi Matteo,UTL,R,R,0,0,1996
9,Pavarani Aldo,UTL,R,R,148,40,2007
21,Pizzarotti Andrea,UTL,R,R,0,0,1987
27,Romanini Edoardo,UTL,R,R,0,0,1997
0,Romanini Marcos,UTL,R,R,0,0,1978
81,Ronchini Filippo,UTL,R,R,0,0,2007
7,SANCHEZ OSUNA FRANCISCO DAVID,UTL,R,R,0,0,1998
98,Sassi Francesco,UTL,R,R,0,0,2003
0,Spotti Nicola,UTL,R,R,0,0,2006
0,Wewala Gamage Sadas Pansilu,UTL,R,R,0,0,2007
19,Zambelli Alessandro,UTL,R,R,0,0,1997
7,Annunziata Nino Andres Antonio,C/UTL,R,R,182,90,2005
69,Barbona Lorenzo,2B/SS,L,R,173,68,2006
8,Barbona Alessandro,CF/OF,L,L,173,60,2004
16,Bellucci Attilio,P,R,R,181,80,2005
13,Bruno Samuele,LF/OF,R,R,183,80,2003
31,Carmellino Francesco Armando,OF/UTL,R,R,0,0,2007
3,Colalucci Matteo,P/3B,R,R,180,75,2004
34,D'auria Lorenzo,2B/IF,R,R,172,68,2001
41,Davenport Nicholas Alan,C/1B/RF,R,R,173,65,1991
17,De Donno Giacomo Maria,C/OF,R,R,178,70,2006
31,De Simone Samuele,UTL,L,R,0,0,1998
24,Dini Davide,P,R,R,185,85,1995
30,Ludovisi Fabio,LF/RF,L,L,170,78,2002
4,Ludovisi Francesco,C,R,R,173,78,2000
0,Matalone Christian,C/OF,R,R,0,0,2007
37,Merejo Ramirez Raymond Jose,1B/3B,R,R,182,95,1987
9,Messina Jordan,P,R,R,180,77,1998
32,Neri Nazzareno,CF/RF,R,R,175,77,1996
88,Restante Mattia,1B,R,R,170,90,1990
10,Ricci Federico,3B/SS,R,R,186,90,2003
0,Ruetti Valerio,IF,R,R,0,0,2007
23,Scerrato Lorenzo,2B/3B,R,R,172,72,1999
11,Smith Max,P,R,R,184,90,1993
6,Tomei Daniele,P/IF,R,R,172,75,2005
14,Zecchinelli Vincenzo,OF/UTL,R,R,0,0,2007
26,Accorsi Luca,SS,R,R,0,0,1993
2,Capelli Lorenzo,1B,L,R,0,0,2001
42,Casanova Edoardo,P/OF,R,R,0,0,2003
72,Castillo Reales Jostin Eduardo,IF,R,R,0,0,2002
50,Cavallari Francesco,OF,R,R,0,0,1993
66,Corradin Michael,P/C,R,R,0,0,1991
23,Del Priore Fabio,2B/3B,R,R,0,0,1992
1,Errico Mirko,P/3B,R,R,0,0,2001
3,Gaiga Luca,C/1B,R,R,0,0,1999
11,Giorgi Francesco,P,R,R,0,0,1992
15,Mezzetti Axel,C,R,R,0,0,2005
57,Misell Martinez Carlos Enrique,P,R,R,0,0,1992
22,Monda Manuel,C/1B,L,R,0,0,2004
12,Monda Mirco,1B/OF,R,R,0,0,1991
32,Montanari Lorenzo,2B/SS,R,R,0,0,2004
5,Montanari Alessandro,OF,R,R,0,0,1997
28,Montieth Herrera Frank Andry,P,R,R,0,0,1985
48,Nepoti Riccardo,P,R,R,0,0,2004
29,Vignali Marco,OF,R,R,0,0,1996
64,Albert Shakir Achmed Girigorie,OF/UTL,R,R,185,90,1996
51,Ambrosino Paolino Junior,OF/UTL,R,R,185,70,1989
33,BARCELAN RODRIGUEZ JORGE LUIS,UTL,R,R,170,80,1991
35,Biscontri Niccolò Maria,C/1B/DH,R,R,173,75,1991
3,Bulfone Leonardo,P,R,R,170,75,1998
20,CARBO CAMPOALEGRE Jonathan,P,R,R,182,76,1997
50,Chelli Gabriele,OF,R,R,173,65,2000
10,Cipriani Federico,UTL,R,R,175,80,1965
16,Cozzolino Federico,P,R,R,180,75,1994
30,Fancellu Nicholas,C/OF,R,R,168,70,2004
6,Ferretti Riccardo,SS/OF/UTL,R,R,180,80,1988
4,Franceschelli Tommaso,UTL,R,R,175,65,2003
17,Gentili Riccardo,3B/UTL,L,R,175,80,1992
42,Gonzalez Valera Luis Gabriel,P,L,L,180,85,1993
22,Herrera Torrez Jose Francisco,3B/SS,R,R,175,80,1993
27,Hidalgo Reyes Stalin Stiven,P,R,R,185,70,2001
14,Loardi Niccolò Maria,OF/UTL,L,L,175,80,1991
70,Noguera Rodriguez Antonio,P,L,L,190,95,1988
38,Oberto Orlando Junior,P,L,L,185,88,1980
18,Proietti Petretti Francesco,2B/SS,R,R,180,80,1986
99,Sarrocco Yuri,C/OF,R,R,165,70,1999
34,Sgnaolin Andrea,1B/UTL,R,R,180,85,1984
11,Tucci Oscar,P,R,R,185,80,2000
28,Vaglio Francesco,IF,R,R,175,70,2000
59,Artitzu Marco,UTL,R,R,177,80,2002
9,Attriti Filippo,UTL,R,R,0,0,1985
5,Benelli Omar,P/UTL,R,R,192,90,2005
55,Cappuccini Francesco,OF/UTL,R,R,180,75,2003
1,Doba Ion,P/UTL,R,R,178,75,2002
42,Flores Mateo Kendry,P/UTL,R,R,190,88,1991
37,Funzione Niccolò,3B/UTL,R,R,175,72,2004
2,Galli Matteo,UTL,R,R,0,0,2007
27,Leonora Ericson Neptali,UTL,R,R,0,0,1992
25,Luciani Diego,UTL,R,R,178,75,2004
4,Marquez Coronado Angel Alexander,P/UTL,R,R,180,85,1986
88,Mega Nicola,P/UTL,R,R,175,70,1988
44,Milli Filippo,C/UTL,R,R,175,75,2002
11,Pancellini Mattia,UTL,S,R,182,85,2001
18,Pasquini Sweed Maor Luca,UTL,R,R,0,0,2003
34,Piccinelli Tommaso,UTL,R,R,0,0,2005
50,Piccini Filippo,1B/OF,S,R,190,80,2002
10,Scull Zayas Yordany,OF/UTL,R,R,176,76,1979
32,Secinaro Giovanni,UTL,S,S,0,0,2004
12,Sireus Mattia,P/UTL,R,R,189,85,2002
21,Tarantino Andrea,UTL,R,R,172,70,2002
13,Tiberi Francesco,UTL,R,R,172,70,2001
24,Baro Coello Angel De Jesus,CF/UTL,R,R,176,80,1989
74,Bess Diaz Roberto Carlos,C/UTL,R,R,175,78,1989
97,Bufalini Emanuele,1B/UTL,R,R,184,75,2003
25,Calcagni Elia,UTL,R,R,175,70,2006
31,Calcagni Mattia,UTL,R,R,175,72,2006
46,Ciarla Alessandro,P,R,R,187,76,1997
0,CIPOLLA ANTHONY JAMES,3B/UTL,R,R,180,77,1995
44,Donnels Tanner Michael,1B/UTL,R,R,183,79,1993
83,Exposito Gotera Ernesto David,C,R,R,170,75,1998
12,GARCIA SEBASTIAN ALEJANDRO,CF/UTL,L,R,175,75,1987
54,Giacomini Tommaso,C/2B/UTL,R,R,175,68,2003
67,Lopez Guerra Aliangel Frank,P,L,L,180,80,1994
29,Lopez Nunez Javier Alberto,SS,R,R,190,87,1994
37,Luciani Gionni,C/LF,R,R,175,70,1996
31,Marinelli Tommaso,C,R,R,170,72,2004
38,Mercuri Daniele,UTL,R,R,186,85,2001
25,Morresi Alessandro,2B/UTL,R,R,175,73,2000
40,Nacar Mejias Leslie Jasshin,P,R,R,185,88,1982
41,Pioli Leonardo,UTL,R,R,1.72,65,2007
45,Ripani Filippo,C/UTL,R,R,175,73,2007
21,Rodriguez Mejias Jhonaikell Javier,P,R,R,175,70,1996
76,Splendiani Leonardo,RF,R,R,178,75,1995
73,TORRES RAMIREZ JUAN MANUEL,P,L,L,180,68,2004
65,Turi Giovanni,P,R,R,176,70,2001
18,Baldazzi Alessio,OF,R,R,182,89,2002
21,Camilo Nunez Darlin Nicolas,P,R,R,190,93,1999
24,Colasante Moises Vicente,P,R,R,178,85,1994
42,Cotogno Gabriele,OF,R,R,179,78,2007
19,Di Persia Daniele,3B/IF,L,R,178,74,2007
10,DRAIJER VICTOR,OF,R,R,186,88,1993
51,Garbella Nicola Luciano Sathya,P/UTL,R,R,185,89,1992
27,Garbella Giovanni Vito Sathya,IF/OF,R,R,185,84,1996
6,Giordani Federico,OF,R,R,179,84,1997
0,Hamaya Kodai,UTL,R,R,183,81,1993
41,Lage Siso Jesus Alejandro,P/UTL,R,R,180,84,1997
22,Liguori Lars Vincent,P,L,L,188,85,1990
5,Mazzanti Riccardo,P/OF,R,R,170,60,2007
2,Mercuri Mattia,SS/IF/UTL,R,R,184,94,1994
9,MONTERO SOLANO Javier José,P,R,R,189,95,1996
12,Noguera Freddy Miguel,UTL,R,R,175,80,1991
0,NOVOA ARANA Melvin Daniel,UTL,R,R,180,102,1996
28,Pecci Federico,P,R,R,180,84,1997
71,Pizziconi Andrea,P,R,R,188,105,1991
13,POMARE MARTINEZ DERWIN DIX,SS/IF,R,R,187,96,1995
3,Sellaroli Andrea,2B/IF,R,R,170,72,1997
52,Taschini Paolo,P,R,R,190,92,1994
4,Trinci Mario,C/UTL,R,R,178,88,1994
31,Venditti Filippo,IF,R,R,185,80,2004
19,Attriti Filippo,UTL,R,R,193,10,1985
33,BARCELAN RODRIGUEZ JORGE LUIS,3B/UTL,R,R,170,80,1990
21,Benelli Omar,P,R,R,190,80,2005
35,Biscontri Niccolò Maria,C/1B/UTL,R,R,173,75,1991
22,Brandi Francesco,1B/OF/UTL,S,R,182,90,1996
50,Chelli Gabriele,OF/UTL,R,R,173,65,2000
10,Cipriani Federico,UTL,R,R,175,80,1965
30,Fiorentini Alessandro,UTL,R,R,185,70,1982
14,Franceschelli Tommaso,OF/UTL,R,R,175,65,2003
27,garcia pereira jose elias,C/OF,L,R,180,80,2001
42,Gonzalez Valera Luis Gabriel,P,R,L,180,85,1993
7,Herrera Torrez Jose Francisco,SS,R,R,175,80,1993
41,Martini Parilli Renzo Guillermo,1B/UTL,R,R,180,80,1992
43,Noguera Freddy Miguel,IF/OF,R,R,175,80,1991
70,Noguera Rodriguez Antonio,P,R,L,190,95,1988
38,Oberto Orlando Junior,P/UTL,R,L,185,88,1980
90,PEÑALVER HERNANDEZ Juan Xavier,P,R,R,188,85,1994
9,Piccini Filippo,1B/LF/RF/UTL,L,R,190,80,2002
55,Soto Lopez Erik Tomas,P,R,R,175,100,1990
52,Taschini Paolo,P,R,R,190,92,1994
15,TOMSJANSEN Rushenten Laybert Apostel,OF,R,R,180,69,2001
28,Vaglio Francesco,2B/IF,R,R,175,70,2000
25,Agretti Filippo,UTL,R,R,0,0,1995
77,Andretta Maurizio,UTL,R,R,0,0,1998
0,Anzovino Thomas,UTL,R,R,0,0,2005
0,Bacci Lorenzo,UTL,R,R,0,0,2004
80,Bassani Alex,UTL,R,R,173,85,1990
14,Bertossi Riccardo,UTL,R,R,170,78,2000
34,Borghi Gilberto,UTL,R,R,0,0,1998
17,Civit San Martin Marc,UTL,R,R,183,68,2002
19,Crepaldi Filippo,UTL,R,R,181,87,1992
39,Dobboletta Lorenzo,UTL,R,R,0,0,1994
22,Fuzzi Francesco,UTL,R,R,0,0,1985
70,Gamberini Samuele,UTL,R,R,180,100,2003
1,Giacomini Tommaso,UTL,R,R,175,68,2003
18,Helder Eugene Alexander Junior,UTL,R,R,178,90,1996
37,LEON Jéfrem Efraim,UTL,R,R,183,81,2002
30,Liberatore Ernesto Paolo,UTL,R,R,0,0,1996
31,Lopez Santana Eduar,UTL,R,R,,,1995
4,MARTINA Francinel Francisco,UTL,R,R,180,80,1997
0,Mengoli Andrea,UTL,R,R,0,0,2006
0,Mezzetti Axel,UTL,R,R,0,0,2005
6,Paolini Ricardo Segundo,UTL,R,R,0,0,1999
15,Robles Martin Federico Nicolas,UTL,R,R,175,70,1993
0,Suarez Valladares Pablo Alejandro,UTL,R,R,0,0,2009
9,Aloma Herrera Jorge Enrique,UTL,R,R,,,1989
59,Artitzu Marco,P,R,R,177,80,2002
98,Barreto Grave De Peralta Remberto,P,R,R,,,1998
55,Cappuccini Francesco,OF,R,R,180,75,2003
8,Cinelli Niccolò,C/UTL,R,R,178,78,2002
5,Forti Michele,C,R,R,0,0,2004
37,Funzione Niccolò,UTL,R,R,0,0,2004
90,Garcia Del Toro Eddy Abel,P,R,R,179,66,1992
0,Giordani Federico,OF,R,R,179,84,1997
25,Luciani Diego,UTL,R,R,0,0,2004
88,Mega Nicola,P,R,R,175,70,1988
2,Mercuri Mattia,UTL,R,R,184,94,1994
91,Oldano Matteo,C/UTL,R,R,0,0,2000
30,Orlandini Lorenzo,C/UTL,R,R,0,0,2008
62,Palumbo Cardozo Angelo Michelle Paolo,P,R,R,193,90,1995
28,Pecci Federico,P,R,R,180,84,1997
1,Piccinelli Tommaso,UTL,R,R,0,0,2005
67,Rrethatori Alessandro,UTL,R,R,0,0,2009
4,Secinaro Giovanni,OF,R,R,0,0,2004
10,Sellaroli Andrea,2B/UTL,R,R,170,72,1997
0,Severino Mooa Cristian Alberto,UTL,R,R,0,0,2009
12,Sireus Mattia,P,R,R,189,85,2002
13,Tiberi Francesco,UTL,R,R,172,70,2001
0,Bartolini Marco,UTL,R,R,1.7,68,2006
73,BERNADINA Rogearvin Argelo Alejandro,UTL,L,L,188,90,1984
31,Calcagni Mattia,P/UTL,R,R,175,72,2006
25,Calcagni Elia,P/UTL,R,R,175,70,2006
12,Carrera Lopez Jesus Daniel,1B/LF,R,R,180,80,1993
97,CORREA ROMERO MANAURYS,P,R,R,195,90,1989
38,Cuomo Joseph Anthony,P,R,R,190,85,1998
80,Di Turi De Frenza Giovanni,C/1B,R,R,175,85,2001
67,Doba Ion,P,R,R,178,75,2002
54,GARCIA SEBASTIAN ALEJANDRO,UTL,R,R,175,75,1987
99,Joseph Timo Manuel Marcelo,3B/SS,R,R,175,75,1994
7,LEONORA Dudley Lauriano Michael Junior,3B/DH,R,R,190,90,1991
37,Luciani Gionni,RF/UTL,R,R,175,70,1996
32,Mazzocchi Rene Rafael,P,L,L,175,75,1988
81,MORENO GOMEZ WILLIANDER JOSE,P,R,R,185,80,1999
72,Pascoli Matteo,2B/UTL,R,R,174,70,1997
74,Perdomo Mora Gabriel Eduardo,2B/DH/UTL,L,R,165,65,2008
43,Pioli Leonardo,UTL,R,R,1.72,65,2007
88,Quattrini Gabriele,P,R,R,195,115,1996
0,Ripani Filippo,UTL,R,R,175,73,2007
83,Servidei Marco,UTL,R,R,180,88,2000
20,Splendiani Leonardo,LF,R,R,178,75,1995
29,TOMIĆ Andrija,C/LF/CF/RF,R,R,185,85,1996
0,Torresi Mattia,UTL,R,R,0,0,2009
7,Angioi Gabriele,UTL,R,R,180,75,2001
11,ASCANIO MENDEZ Manuel Josè,UTL,R,R,0,0,2000
16,Astorri Cesare,UTL,R,R,185,89,1998
12,Battioni Tommaso,UTL,R,R,192,80,2000
46,Bocchi Matteo,UTL,R,R,193,100,1996
52,CASANOVA CALLABA Erly,UTL,R,R,185,125,1985
48,Desimoni Stefano,UTL,R,R,0,0,1988
26,Encarnación Segura Wander Joel,UTL,R,R,173,90,2000
34,FIGUEREDO CRUZ Raymond,UTL,R,R,182,83,1998
6,Flisi Riccardo,UTL,R,R,183,85,1999
39,Gonzalez Sanamè Noel,UTL,R,R,0,0,1996
19,González Taveras Luís Manuel Junior,UTL,R,R,185,89,1994
36,Mineo Alberto,UTL,R,R,181,89,1994
15,Monello Giulio,C/UTL,R,R,180,85,1998
28,Orta Pedro Francisco,UTL,R,R,0,0,1982
38,Pérez Padilla Andrés Eduardo,UTL,R,R,186,85,1991
77,Santana Payano Luis Manuel,UTL,R,R,0,0,1996
23,Scerrato Lorenzo,UTL,R,R,172,72,1999
44,Scotti Claudio,UTL,R,R,0,0,1998
19,Alvarez Bello Luis Honorio,C/UTL,R,R,0,0,1990
12,Angelini Luigi,C/UTL,R,R,0,0,1973
4,Angulo Gamez Oscar David,IF/UTL,R,R,180,76,1984
50,Baez Aybar Fernando,P/UTL,R,R,185,90,1992
24,Batista De Jesus Nathanael Manoly,OF/UTL,R,R,180,80,1995
25,Celli Federico,OF/UTL,R,R,188,100,1995
3,De Leon Ramirez Anderson Alberto,P/UTL,R,R,0,0,1996
54,Di Fabio Lorenzo,IF/OF/UTL,R,R,0,0,1992
35,Di Raffaele Luca,P/UTL,R,R,183,0,1994
16,Di Raffaele Lorenzo,IF/UTL,R,R,0,0,1994
8,Diaz Diaz Marcos Antonio,IF/UTL,R,R,175,75,1996
27,Ferrini Colmenarez Jose Leonardo,UTL,R,R,180,0,1989
41,Guidi Nicolas,IF/UTL,R,R,0,0,2006
2,KOURTIS Dimitrios,P/UTL,R,R,190,104,1992
29,Lopez Nunez Javier Alberto,IF/UTL,R,R,190,87,1994
91,Pascoli Marco,P/UTL,R,R,0,0,1994
6,Pieternella Vargas Ortwin Hose,C/UTL,R,R,0,0,1999
5,Pomponi Francesco,P/UTL,R,R,0,0,2002
70,Quevedo Viso Carlos Eduardo,P/UTL,R,R,0,0,1989
26,Rummel Pedrol Christian,P/UTL,R,R,0,0,2000
20,Severino Familia Brian Antonio,P/UTL,R,R,0,0,2002
1,TROMP Jiandido Candido,OF/UTL,R,R,180,89,1993
24,Acerbi Edoardo,P,R,R,0,0,1998
5,Alfieri Leonardo,2B/SS,R,R,0,0,2002
29,Andreini Samuele,2B/SS,R,R,0,0,2007
58,Bellini Emanuele,C,R,R,0,0,2003
4,Benetti Davide,2B/3B,R,R,0,0,1994
25,Bertolini Romano,P,R,R,0,0,1995
13,Boschi Alessandro,2B/SS,R,R,0,0,2005
88,Boselli Davide,P,L,L,0,0,2006
98,Coffrini Luca,IF,R,R,0,0,1998
8,Daddi Filippo,1B/OF,L,L,0,0,1999
30,Dallaturca Lorenzo,P,S,S,0,0,1988
52,Delmonte Tommaso,OF,R,R,0,0,1999
33,Deotto Alessandro,C/OF,R,R,0,0,1995
34,Fabiani Diego,P,R,R,0,0,1997
19,Gongora De La Torre Dariel,P,L,L,,,1992
21,Grassani Davide,C,R,R,0,0,2006
44,Guadagnino Diego Jesus,UTL,R,R,0,0,1983
81,Guerra Ceballos Pedro Rafael,P,R,R,0,0,1990
2,Mantovani Pietro,CF,R,R,0,0,1995
62,Melegari Nicola,OF,R,R,0,0,1998
7,Mirabal Leon Charlie Peter,SS,L,R,0,0,1987
10,Mordacci Lorenzo,OF,R,R,0,0,2005
1,Pavarani Aldo,UTL,R,R,148,40,2007
31,Sorrentino Fabio,C,R,R,0,0,2002
27,Trolli Davide,OF,R,R,0,0,1998
1,Ambrosioni Lorenzo,2B/3B,R,R,0,0,2001
8,Bancora Nicola,2B/3B/SS,R,R,0,0,1997
36,Bettola Michele,1B/OF,L,L,0,0,2005
56,Broggi Andrea,C/OF,R,R,0,0,2005
13,Capellano Andrea,SS,R,R,0,0,1999
23,CUETO PEREZ Randy,P,R,R,179,79,2001
33,Dall'agnese Gabriel,P,R,R,0,0,2000
14,Fraschetti Luca,C/OF,S,R,0,0,2002
40,Fraulini Giacomo,OF,L,L,0,0,1999
2,Garavaglia Alessandro,C/3B,R,R,0,0,2008
9,Lo Monaco Andrea,2B,R,R,0,0,1992
50,Meazza Filippo Massimo,P/1B,R,R,0,0,2005
45,Morillo Puntiel Geronimo Arturo,P,L,L,0,0,1975
18,Pasotto Mattia Giacomo,C/3B,R,R,0,0,2009
11,Pasotto Samuele Giovanni,2B/SS,R,R,0,0,2006
5,Pasotto Marco,OF,R,R,0,0,1998
4,Pasotto Andrea,OF,R,R,0,0,2001
44,Persico Alessandro,P,R,R,0,0,2003
24,Pizzi Davide,P,R,R,0,0,2000
6,Polo Corniel Dalberto,P,R,R,0,0,1999
21,Sanguedolce Massimo,1B/OF,L,L,0,0,1996
17,Torrellas Macaluso Angelo Eduardo,C/1B,R,R,0,0,1990
3,Varalda Mattia,P/1B,L,L,0,0,1995
65,Villa Christopher Pietro,2B/SS,R,R,0,0,2004
26,Angelotti Torres Saul Giovanni,UTL,R,R,0,0,1989
18,Bianchi Filippo,UTL,R,R,0,0,2000
59,Calero Gamez Angel Gustavo,UTL,R,R,0,0,1986
77,Campanella Lorenzo,UTL,R,R,0,0,2000
1,Campazzi Simone,UTL,R,R,0,0,1995
21,Cirilli Mattia,UTL,R,R,0,0,2005
0,Corbino Enzo Alfredo,UTL,R,R,0,0,1995
3,Corrado Alessio,UTL,R,R,0,0,1994
99,Dall'olio Francesco,UTL,R,R,0,0,1990
43,Ferri Jacopo,UTL,R,R,0,0,2001
30,Franceschini Mattia,UTL,R,R,,,2005
0,Galli Davide,UTL,R,R,0,0,2005
23,Guevara Ducato Jhorjan Jose,UTL,R,R,,,2002
15,Hurtado Noa Yuliesky,UTL,R,R,0,0,1986
29,Infante Carreno Juan Carlos Junior,UTL,R,R,0,0,2002
55,Lambertini Lorenzo,UTL,R,R,0,0,2004
13,Moronta Rodriguez Francisco Julian,UTL,R,R,0,0,2003
91,Paltrinieri Alessio,UTL,R,R,0,0,1980
2,Pompilio Romolo,UTL,R,R,0,0,1994
17,Russo Eladio Alexander,UTL,R,R,0,0,1993
16,Scerrato Gianluca Oberdan,UTL,R,R,0,0,1992
11,Tamburini Jacopo,UTL,R,R,0,0,2004
7,Vasquez Marrero Andres Eloy,UTL,R,R,,,2001
14,Ventura Ventura Cipriano,UTL,R,R,0,0,1965
0,Zironi Alessandro,UTL,R,R,0,0,2006
45,Bacchi Simone,2B,R,R,0,0,2008
7,Burani Niccolò,P,R,R,0,0,1995
8,Capellano Luca,P,R,R,0,0,2002
25,Castillo Castillo Jonathan,SS/OF,R,R,,,2000
26,Censi Stefano,P,R,R,0,0,1999
19,Cepparulo Nicola,P/C/3B/OF,R,R,0,0,2007
1,Di Ronza Claudio,C/2B,R,R,0,0,2006
36,Friggeri Matteo,1B/3B/DH/OF,R,R,0,0,1997
51,Gastaldi Marco,C,R,R,0,0,2001
22,Giovanardi Alex,P/3B/OF,R,R,0,0,2006
66,La Rocca Stefano,P/UTL,R,R,0,0,1983
2,Lettieri Leonardo,2B/SS,R,R,0,0,2005
80,Lugli Davide,P/C/3B,R,R,0,0,2006
91,MEDINA GARCIA Frank Luis,P,R,R,185,87,1987
24,Minari Alexandro,SS,R,R,0,0,2000
6,Nardi Alessandro,UTL,R,R,0,0,2000
31,Sassi Lorenzo,P,R,R,0,0,1999
84,Spagnolo Nicola,1B/DH,R,R,0,0,2005
15,Trevisan Nicolas,P/UTL,R,R,0,0,2000
57,Zanichelli Davide,1B/DH,R,R,0,0,1982
40,Amore Gabriele,P/UTL,R,R,,,1995
18,Bolla Diego,P/UTL,L,L,0,0,2006
8,Calvo Federico,P/UTL,L,L,0,0,1997
58,Calvo Giorgio,SS/UTL,R,R,0,0,2000
15,Cirillo Riccardo,C/UTL,R,R,0,0,2001
16,De Luca Nicolas,P/UTL,R,R,0,0,2008
23,Forte Lorenzo,OF/UTL,R,R,0,0,1998
69,LASARACINA GIACONINO PAOLO,C/3B/UTL,R,R,0,0,2003
9,Minardi Fabrizio,P/UTL,R,R,0,0,1995
13,Moncion Rodriguez Jorlin Abel,P/UTL,R,R,0,0,2008
5,Moncion Rodriguez Leudy,OF/UTL,R,R,0,0,2006
11,PINA MENDEZ LUIS DANIEL,2B/UTL,R,R,,,2004
75,Salvatore Simone,P/CF/UTL,R,R,0,0,2002
68,Salvatore Alessio,OF/UTL,R,R,0,0,1999
53,Santa Cruz Lara Lazaro Ardenson,UTL,R,R,0,0,1986
55,Silva Patrick,OF/UTL,L,R,0,0,2009
28,Suarez Hernandez Yoel,P/UTL,R,R,0,0,1985
56,Aldegheri Mattia,P,R,R,0,0,1998
21,Anselmi Davide,P,R,R,0,0,1995
2,Bonamini Andrea,C/UTL,R,R,0,0,2003
26,Burato Fabio,OF/UTL,L,R,182,72,1997
44,Dando Niccolò Christopher,P,R,R,0,0,2003
8,De Boni Filippo,C,R,R,0,0,1990
20,Falzi Nicola,OF,R,R,0,0,1994
14,Guarda Dario,P,R,R,0,0,1996
54,Martignoni Andrea,OF/UTL,L,L,0,0,1997
45,Meliori Davide,2B,R,R,185,74,1998
12,Mondo Marco,OF,R,R,0,0,1984
55,Mosconi Leonardo,OF,R,R,0,0,1995
9,Nifosì Pietro,1B/UTL,R,R,185,70,2003
30,Nifosì Matteo,3B,R,R,0,0,2000
10,Orrasch Andrea,C,R,R,0,0,2001
7,Padovani Matteo,P,R,R,170,65,2004
27,Piccoli Davide,SS/UTL,R,R,0,0,2001
25,RAMON ARAMAYO Lucas,P,R,R,182,75,1996
13,Rampo Elia,1B/OF,R,R,0,0,1991
33,Rubenstein Brody James,OF,R,R,,,1997
30,Álvarez Martínez Luis Miguel,P/1B/OF,R,R,191,87,2005
9,Andres Turino Danny,IF/OF,R,R,174,86,2000
70,Angioi Walter,UTL,R,R,0,0,1973
7,Angioi Filippo,C/SS,S,R,173,63,2008
2,Cambarau Simone,P/SS/OF,R,R,173,70,2005
16,Cao Tommaso,OF/UTL,R,R,178,70,2008
15,Contu Michele,P/UTL,R,R,174,68,2008
6,Cuesta Lindsay José Pablo,P/3B/UTL,R,R,184,100,1988
3,Delgado Castaneda Livan Francisco,P/1B/DH/UTL,R,R,184,85,2001
18,Ebau Gabriele,C/1B/OF/UTL,R,R,174,80,1992
21,Fracchiolla Rios Gianny Tomasso,P,L,L,173,78,1991
44,Ibba Massimiliano,2B/UTL,R,R,172,62,2006
23,Murgia Edoardo,P/1B/OF,R,R,174,65,2001
24,Rodriguez Acosta Dariel,C/1B,R,R,175,100,1996
31,ROSALES MOTTA ALESSANDRO,P/OF/UTL,S,L,183,83,2003
22,Rosales Motta Giovanny Andres,C/IF/OF,R,R,175,90,1999
35,Uccheddu Alessio,P/UTL,R,R,175,60,2007
48,URDANETA JOSE LUIS,P/UTL,R,R,182,80,2004
14,VILLALOBOS BARNEDA JUNIOR,OF/UTL,L,R,186,86,2002
99,Adorni Tommaso,UTL,R,R,173,70,2004
6,Barba Matteo,UTL,R,R,0,0,2004
20,Bassi Marco,UTL,R,R,0,0,2000
70,Bigliardi Riccardo,UTL,L,L,0,0,2002
22,Bonvini Francesco Maria,UTL,R,R,193,89,2000
50,Borella Jacopo,UTL,R,R,0,0,2004
82,CARRILLO SUAREZ ERIEL,UTL,R,R,0,0,1995
44,Consiglio Viktor,UTL,R,R,0,0,2007
75,Coruzzi Gian Marco,UTL,R,R,0,0,2006
15,Covati Matteo,UTL,R,R,0,0,2001
18,Fava Jacopo,UTL,R,R,0,0,2001
33,Gerali Guido,UTL,R,R,0,0,1996
31,Gerali Matteo,UTL,R,R,0,0,2005
7,Laise Alessandro,UTL,R,R,182,81,2005
14,Marchesi Francesco,UTL,R,R,0,0,1999
16,Marchesi Daniele,UTL,R,R,0,0,2003
91,Mazza Ivan,UTL,R,R,0,0,2004
42,Montanari Davide,UTL,R,R,0,0,2004
8,Panara Edoardo,UTL,R,R,0,0,2008
35,Piazza Manuel,UTL,R,R,0,0,1996
27,Poma Sebastiano,UTL,L,L,190,85,1993
83,Sambucci Alex,UTL,R,R,0,0,1989
71,Silvestri Lorenzo,UTL,R,R,0,0,2006
2,Tosini Tommaso,UTL,R,R,0,0,2008
54,Viloria Serda Nolberto Alexander,UTL,L,L,0,0,2000
69,Zoni Lorenzo,UTL,R,R,0,0,2005
37,Arcila Gonzalez Anthony Jose,P,R,R,0,0,1991
10,Benetton Riccardo,C/3B/DH,R,R,0,0,2004
48,Benetton Federico,P,R,R,0,0,2004
9,Brunati Michele,C,R,R,0,0,1994
80,Canache Soler Roberto Arturo,OF,R,R,0,0,1990
42,Farina Giovanni,P/2B/3B/SS,R,R,0,0,2006
15,Giacomazzi Pierangelo,OF,R,R,0,0,1988
19,Lotti Alessandro,P/SS,R,R,0,0,2004
34,Magro Marco,1B,R,R,0,0,2000
70,Martinez Torrez Anderson Rafael,P,R,R,,,1993
32,Moccia Gianluca,2B/3B/SS,R,R,0,0,1977
25,Novello Davide,P/CF/UTL,L,L,0,0,1999
5,Pacini Filippo,UTL,R,R,0,0,1988
13,Pestana Guia Reinaldo Leandro,C,R,R,190,95,1987
35,Salvagnin Tommaso,OF,R,R,0,0,2004
3,Sambugaro Matteo,2B/3B/OF,R,R,0,0,2004
24,Smaniotto Davide,P,L,L,0,0,2005
43,Talevi Exequiel Agustin,SS,R,R,0,0,1994
18,Tombel Riccardo,3B,R,R,0,0,1995
40,Tuzzi Riccardo,1B/DH,R,R,0,0,2001
3,Aiello Tommaso,UTL,R,R,0,0,2001
38,Baccelli Marco,UTL,R,R,0,0,1986
56,Baro Coello Angel De Jesus,UTL,R,R,176,80,1989
42,Bonemei Davide,UTL,R,R,0,0,1999
9,Canuti Tomas,UTL,R,R,0,0,2002
23,Chacon De Antonis Alejandro Gabriel,UTL,R,R,0,0,2001
24,Cifalinò Thomas,UTL,R,R,0,0,2003
34,Cortesi Yuri,UTL,R,R,0,0,2003
0,Del Bianco Daniele,UTL,R,R,0,0,1978
43,Focchi Amedeo,UTL,R,R,0,0,1988
0,Gabrielli Andrea,UTL,R,R,0,0,1999
69,Giardini Mattia,UTL,R,R,0,0,2004
30,Metalli Grisetti Tommaso,UTL,R,R,0,0,2007
99,Montanari Tommaso,UTL,R,R,0,0,2006
55,Pandolfi Mattia,UTL,R,R,0,0,1986
33,PAREDES SANCHEZ EDWARD VALENTINO ESTEFANO,UTL,R,R,,,1999
27,Perazzini Enrico,UTL,R,R,0,0,1999
53,Pini Romano Santiago,UTL,R,R,0,0,2002
17,Pulzetti Luca,UTL,R,R,0,0,1994
2,Sartini Elia,UTL,R,R,0,0,2004
11,Signorile Tommaso,UTL,R,R,0,0,2003
41,Sosa Silva Kevin Rafael,UTL,R,R,0,0,1995
20,Tognacci Gianluca,UTL,R,R,0,0,2000
18,Zappone Lino Johel,UTL,R,R,0,0,1988
28,ABATE Brian,UTL,R,R,180,75,2002
55,Bazzarini Simone,UTL,R,R,185,93,1994
23,Berini Stefano,UTL,R,R,178,80,1997
16,Bertoldi Davide,UTL,R,R,180,87,1994
34,Bertoldi Nicholas,UTL,R,R,0,0,2004
6,Cechet Ivan,UTL,R,R,183,97,1982
9,Da Re Giulio,UTL,R,R,180,80,2001
12,Dalla Silvestra Matteo,UTL,R,R,185,88,2005
22,Di Monte Daniele,UTL,R,R,0,0,2002
27,Furlan Daniele,UTL,R,R,180,80,1994
5,Furlani Marco,UTL,R,R,181,64,2002
3,Furlani Luca,UTL,R,R,185,70,2000
24,Gergolet Diego,UTL,R,R,180,75,2006
33,Gheno Pietro,UTL,R,R,170,60,1993
70,Ghergolet Marco,UTL,R,R,170,82,1998
25,Miceu Mario,UTL,R,R,185,110,1990
2,Midena Mattia,UTL,R,R,0,0,2005
32,Nardi Francesco,UTL,R,R,179,82,1985
19,Pilutti Massimo,UTL,R,R,187,95,2001
11,Serra Riccardo,UTL,R,R,172,74,1998
31,Serra Alessandro,UTL,R,R,162,63,2002
47,Stabile Pietro,UTL,R,R,185,75,2000
63,Tosetto Eros,UTL,R,R,0,0,1971
20,Zotti Matthias,UTL,R,R,0,0,1997
18,Bernardi Andrea,UTL,R,R,0,0,2003
32,Bottazzi Tommaso,UTL,R,R,0,0,2006
1,Bravo Riquene Humberto,UTL,R,R,0,0,1992
17,Buin Enrico,UTL,R,R,185,0,2003
36,Crepaldi Enrico,P,R,R,0,0,1987
40,De Boni Christian,UTL,R,R,0,0,2006
80,Destro Andrea,UTL,R,R,180,65,2008
38,Dreni Julian,UTL,R,R,0,0,2000
45,Exposito Gotera Ernesto David,UTL,R,R,175,75,1998
24,Frigato Giorgio,UTL,R,R,0,0,2005
33,Frigato Alessandro,UTL,R,R,0,0,2000
90,Javier Diaz Daury,P,R,R,0,0,2001
69,Marelli Matteo,P,R,R,190,92,2006
16,Nosti Nicholas Gidon,UTL,R,R,0,0,1985
52,Pietrogrande Pablo,P,R,R,0,0,1996
2,Pillon Riccardo,UTL,R,R,0,0,2006
5,RIESGO LOPEZ Omar,P,R,R,,,2003
8,Rizzati Giovanni,UTL,R,R,0,0,2005
9,Russo Vincenzo,UTL,R,R,0,0,2006
31,Salvatore Enrico,UTL,R,R,0,0,1996
4,Stocco Marco,UTL,R,R,0,0,2003
10,Taschin Lorenzo,UTL,R,R,0,0,2003
12,Taschin Giacomo,UTL,R,R,180,79,2006
26,Accorsi Luca,IF,R,R,0,0,1993
57,ALFONSO MARTINEZ RAIDER,P,R,R,,,1995
72,Cocchi Alex,UTL,R,R,0,0,2001
13,Contri Alex,C/UTL,R,R,0,0,2007
66,Corradin Michael,UTL,R,R,0,0,1991
23,Del Priore Fabio,IF,R,R,0,0,1992
1,Errico Mirko,IF,R,R,0,0,2001
11,Giorgi Francesco,P,R,R,0,0,1992
8,Marinelli Tommaso,C,R,R,170,72,2004
12,Monda Mirco,OF,R,R,0,0,1991
22,Monda Manuel,C/UTL,R,R,0,0,2004
5,Montanari Alessandro,OF,R,R,0,0,1997
32,Montanari Lorenzo,IF,R,R,0,0,2004
28,Montieth Herrera Frank Andry,P,R,R,0,0,1985
48,Nepoti Riccardo,P,R,R,0,0,2004
2,Pancellini Mattia,C/UTL,R,R,182,85,2001
4,SARITA MARTINEZ ERICKSON,OF,L,L,0,0,2002
29,Vignali Marco,OF,R,R,0,0,1996
34,Baldazzi Alessio,OF,R,R,182,89,2002
2,Becattini Manuele,C/OF,R,R,0,0,1996
28,Biffoli Andrea,C/IF,R,R,0,0,1993
77,Brini Lorenzo,P/3B/SS,R,R,0,0,2006
9,Cassini Duccio,SS,R,R,0,0,2006
16,Cialli Francesco,SS,R,R,173,75,2005
58,Degl'innocenti Giacomo,P,R,R,0,0,1993
6,Faticanti Valdemaro,C/OF,R,R,0,0,1999
33,Fioravanti Saverio,P,R,R,183,74,2003
8,Fontana Leonardo,IF,R,R,0,0,2000
72,Francini Daniel,P/SS,R,R,0,0,2006
24,Gomez Ragusa Jose Luis,C,R,R,0,0,1992
22,Gozzini Tommaso,OF,R,R,0,0,1987
23,Krasniqi Mergim,IF,R,R,0,0,2000
31,Lucattelli Andrea,C,R,R,0,0,2003
1,Martin Perez Oregsis,P,R,R,0,0,1980
97,Martinez Holguin Euridis,P,R,R,0,0,1997
35,Rassizad Niccolò Amir,OF,R,R,0,0,1990
20,Rudaj Arberim,2B,R,R,0,0,1996
10,Scull Zayas Yordany,OF,R,R,176,76,1979
13,Tagliaferri Gabriele,P,R,R,180,85,2001
17,Bucchi Mattia,2B,R,R,185,103,1987
30,Campos Carrazana Abel Josè,P,L,L,181,84,1997
16,Casadio Antonio,C/1B/OF,R,R,178,74,2005
8,Casadio Matteo,UTL,R,R,174,80,2006
1,Evangelista Jose Digno Emmanuel,C/DH,R,R,174,75,1988
39,Focchi Riccardo,P,R,R,185,78,2001
12,Freddi Luca,P,R,R,178,85,1993
53,Galeotti Matteo,P,R,R,185,90,1981
22,Galli Samuele,UTL,R,R,184,92,2001
9,Geminiani Raffaele,SS,R,R,174,64,2008
15,Laghi Cristian,UTL,R,R,178,77,2005
4,Meriggi Davide,LF,R,R,182,86,1995
26,Meriggi Giacomo,RF,R,R,187,92,1991
2,Minghelli Radolovich Nicolò,OF,R,R,171,84,1995
23,Monari Eugenio,UTL,R,R,180,85,1984
44,Orselli Manuel,IF/UTL,R,R,167,68,2004
19,Piumatti Gabriele,P/2B/UTL,R,R,185,85,1995
5,Sabbadini Alex,P,R,R,180,90,2001
41,Sabbatani Marco,C/DH,R,R,179,85,1989
3,Scudellari Andrea,2B/UTL,R,R,178,81,2005
18,Tanesini Paolo,CF,L,R,170,72,1981
30,Belardi Leonardo,IF,R,R,0,0,2004
99,Caiazzo Antonio,IF,R,R,0,0,2006
8,Caranzetti Federico,IF,R,R,0,0,2006
3,Cardarelli Andrea,IF,R,R,0,0,2005
20,D'auria Lorenzo,IF,R,R,172,68,2001
15,De Angelis Manuel,IF,R,R,0,0,2000
9,De Angelis Leonardo,IF/UTL,R,R,0,0,2003
10,Gallo Francesco,P,R,R,0,0,2006
41,LAURENCIO VIL MARCIAL,P,R,R,,,1999
2,Lo Rillo Francesco,IF,R,R,0,0,2003
4,Ludovisi Francesco,C,R,R,173,78,2000
69,Ludovisi Fabio,OF,R,R,170,78,2002
5,Marrocchi Luca,UTL,R,R,0,0,2006
52,MATOS HEREDIA Josué Ariel,UTL,R,R,0,0,2001
88,Messina Jordan,P,R,R,180,77,1998
16,Orlandi Lorenzo,OF,R,R,0,0,2005
48,Passa Mirko,UTL,R,R,0,0,2001
42,Pouye Meissa,P,R,R,0,0,2005
33,Rescigno Valerio,UTL,R,R,0,0,2005
23,Retrosi Gabriele,UTL,R,R,0,0,2004
14,Ricci Federico,IF,R,R,186,90,2003
62,Ricci Marco,P,R,R,0,0,2006
31,Sellaroli Giuseppe,OF,R,R,0,0,1992
7,Stella Flavio Luciano,UTL,R,R,0,0,2004
18,Visalli Francesco,C,R,R,0,0,1996
25,Visalli Riccardo,OF,R,R,0,0,2003
51,Ambrosino Paolino Junior,OF/UTL,R,R,185,80,1989
27,Annunziata Nino Andres Antonio,C/UTL,R,R,182,90,2005
69,Barbona Alessandro,OF/UTL,L,L,173,60,2004
6,Barbona Lorenzo,IF/UTL,L,R,173,68,2006
18,Bellucci Attilio,P/UTL,R,R,181,80,2005
9,Bernardis Mattia,P/UTL,R,R,184,90,2006
8,Bonilla Garcia Ramon Antonio,IF/UTL,L,R,185,85,1988
42,CARETTA ALAN,UTL,R,R,195,95,2000
3,Ciarla Alessandro,P/UTL,R,R,187,76,1997
23,Colalucci Matteo,UTL,R,R,180,75,2004
41,De Donno Giacomo Maria,C/UTL,R,R,178,70,2006
19,Di Persia Daniele,IF/UTL,L,R,182,75,2007
24,Dini Davide,P/UTL,R,R,185,85,1995
33,Gonzalez Freites Pablo Daniel,IF/UTL,R,R,173,78,1995
22,Liguori Lars Vincent,P/UTL,L,L,188,85,1990
10,Marucci Matteo,1B/UTL,R,R,195,90,2006
12,Mautone Matteo,P/UTL,R,R,180,78,2006
50,Mazzanti Riccardo,OF/UTL,R,R,170,68,2007
52,Sabatini Filippo,P/UTL,R,R,187,80,2007
34,SILVA NOLASCO Isaac Benjamín,P/UTL,L,L,189,102,1992
31,Sparagna Vinicio,UTL,R,R,180,100,1987
2,Tomei Daniele,OF/UTL,R,R,172,75,2005
4,Trinci Mario,C/UTL,R,R,178,88,1994
32,Venditti Filippo,IF/UTL,R,R,185,85,2004
35,Zazza Manuel,IF/UTL,R,R,185,86,2005
87,Andreini Jacopo,UTL,R,R,0,0,2005
7,Ariani Jordan,UTL,R,R,148,43,2007
46,Ariani Jonathan,UTL,R,R,0,0,1997
0,Bäckström Leonard Nils Erik,UTL,R,R,191,90,1999
11,Becchi Lorenzo,UTL,R,R,0,0,2003
16,Ceppari Leonardo,UTL,R,R,0,0,1998
30,Cerruti Michele,UTL,R,R,175,85,1998
15,Ciantelli Morgan,UTL,R,R,0,0,2005
23,De Aza Perez Bryan Alejandro,UTL,R,R,0,0,2001
81,Faggi Matteo,UTL,R,R,0,0,1999
34,Gentili Riccardo,UTL,R,R,175,80,1992
31,Guasti Fabio,UTL,R,R,0,0,1980
50,Lucarini Leandro,UTL,R,R,0,0,2003
1,Mateo Medina Neify,UTL,R,R,0,0,2001
82,Milli Matteo,UTL,R,R,0,0,2008
52,Molina Leonardo,UTL,R,R,0,0,1990
4,Papi Andrea,UTL,R,R,0,0,2007
70,Parise Michele,UTL,R,R,0,0,1996
0,Peluso Mattia,UTL,R,R,0,0,2005
0,Pena Chiarizia Gianfranco,UTL,R,R,,,2005
24,Quezada Marte Junior Starling,UTL,R,R,,,1997
12,Reggioli Samuele,UTL,R,R,0,0,1995
25,Silva Mena Ricardo Antonio,UTL,R,L,0,0,2000
45,Valsecchi Marco,UTL,R,R,0,0,1996
27,Vannini Leonardo,UTL,R,R,0,0,1986
2,Vassallo Lorenzo,UTL,R,R,0,0,1997
71,Adelmi Ivan,3B,R,R,0,0,1996
60,Caddeo Emanuel,C/UTL,R,R,0,0,1994
13,Cadoni Pietro Paolo,P,L,L,0,0,1989
22,Calvia Stefano,IF,R,R,0,0,2007
42,Columbu Alessio,OF,R,R,0,0,2000
25,Contini Antonio,UTL,R,R,0,0,1985
24,Cugia Marco,UTL,L,R,0,0,1996
10,Cugia Domenico Andrea,UTL,R,R,0,0,1984
43,D'amico Yovany Eliezer,P,R,R,0,0,1984
51,D'amico Leonardo Saulle,P,R,R,0,0,1981
33,D'amico Alvarez Eliezer Orlando,P/IF,R,R,0,0,2000
44,De Los Santos Bautista Winklel Manuel,IF,R,R,0,0,1988
96,Gintili Talon Luigi,C,R,R,0,0,2004
6,Kostiv Dmytro,OF,R,R,0,0,2007
9,Langella Fabio,P,R,R,0,0,2001
76,Mannazzu Ruben,OF,R,R,0,0,2000
57,Mannazzu Oscar,OF,R,R,0,0,2002
46,Merella Marco Lidio,UTL,R,R,178,70,2000
34,Pireddu Andrea,P,R,R,0,0,2008
5,Puggioni Matteo,OF,R,R,0,0,2000
28,QUESADA COTO Andy,P,R,R,0,0,2001
90,Riestra Briceno Francisco Severo,IF,R,R,0,0,1994
50,Tidu Domenico,OF,R,R,0,0,1999
27,Zidda Nicola,P,R,R,0,0,1998
25,Alberi Luca,LF,R,R,0,0,1990
18,Bacciocchi Andrea,UTL,R,R,0,0,1998
24,Boccardi Matthew,UTL,R,R,0,0,1993
52,Boriotti Andrea,OF,R,R,0,0,2002
23,Caimmi Mattia,UTL,R,R,0,0,2000
5,Corio Giuseppe,OF,R,R,0,0,1993
42,Foletti Lorenzo,UTL,R,R,,,2008
12,Garavito Miguel Ernesto Manuel,P,R,R,0,0,2002
6,Locatelli Lorenzo,OF,R,R,0,0,2000
3,Minoia Simone,OF,R,R,0,0,1999
2,Moschetti Alan,UTL,R,R,0,0,2008
53,Nani Tommaso,UTL,R,R,0,0,2003
7,Penaloza Crisafi Carmelo Jose,UTL,R,R,0,0,1987
35,Pizzoli Gomez Franco Javier,UTL,R,R,170,85,1994
40,Rancati Michele,UTL,R,R,0,0,2007
19,Rasoira Matteo,UTL,R,R,0,0,1993
34,Schiavoni Mauro Sebastian,UTL,R,R,0,0,1986
21,Speziali Luca,UTL,R,R,0,0,1999
29,Speziali Marco,P,R,R,0,0,1996
57,TORRES ZAMBRANO GABRIEL JOSE,P,R,R,,,2001
10,Uttini Edoardo,P,R,R,0,0,2003
1,Virgadaula Federico,P,R,R,180,70,2000
4,Zaffi Andrea,UTL,R,R,0,0,2007
22,Zanelotti Andrea,UTL,R,R,,,2008
8,Allegri Alessandro,P/UTL,R,R,0,0,2005
9,Baroni Filippo,IF/UTL,R,R,0,0,2005
2,Bettati Jacopo,OF/UTL,R,R,0,0,1990
26,Carima Emanuele,IF/UTL,R,R,0,0,2005
19,Carnevale Simone,P/UTL,R,R,184,87,2004
22,Catellani Sebastiano,P/OF/UTL,R/S,0,0,2004
58,Ceccaroli Riccardo,P/UTL,S,R,0,0,2002
4,Folli Stefano,C/UTL,R,R,0,0,2005
44,Ghidoni Michele,IF,R,R,0,0,2003
30,Ghidoni Tommaso,OF,R,R,0,0,2003
1,Gremi Marcello,P,R,R,0,0,1992
16,Guglielmi Edoardo,IF,R,R,0,0,2004
43,Lori Emanuele,IF,R,R,0,0,1990
77,Manghi Giacomo,OF/UTL,R,R,0,0,2003
90,Mulazzi Tito,UTL,R,R,,,1980
15,Perez Santana Yan Luis,UTL,R,R,0,0,2004
53,PETRONIA ROLANDO RECHEL,UTL,R,R,,,2003
88,Pomponi Michele,IF/UTL,L,L,0,0,1998
38,Ragionieri Marco,C,R,R,0,0,2004
27,SANCHEZ OSUNA FRANCISCO DAVID,P/UTL,R,R,0,0,1998
84,Squarcia Riccardo,IF/UTL,S,R,0,0,2006
7,Tiburtini Federico,UTL,R,R,0,0,2004
17,Zaccarini Elia,P/UTL,R,R,0,0,2006
10,Acosta Macuma Edgar Eduardo,OF,R,R,184,79,2001
42,Alfinito Montecchi Simone,2B/3B/SS,R,R,183,82,1997
29,Baraldi Scantamburlo Marco,UTL,R,R,0,0,1976
4,Bertolini Filippo,UTL,R,R,0,0,1989
25,Borghi Gabriele,2B,R,R,172,62,1986
11,Ceriali Lorenzo Zeo,2B,R,R,180,86,2000
77,Dentoni Federico,OF,R,R,188,100,1998
26,Espinosa Feliz Ruben Dario,UTL,R,R,0,0,1989
88,Faini Federico,P,R,R,177,80,1996
22,Foderaro Fabio,UTL,R,R,0,0,1983
56,Ganassi Davide,P/UTL,R,R,190,89,2006
85,MADAN MONTEJO Frank Edelmiro,P,R,R,178,95,1991
80,Marchi Mattia,UTL,L,R,170,68,2007
35,Perez Lo Giudice Luis Eduardo,1B/2B/3B/SS,R,R,178,78,2000
14,Riccò Panciroli Luca,UTL,R,R,0,0,1992
34,Riccò Panciroli Fabio,P,R,R,179,74,1995
24,Robles Martin Matias Ezequiel,OF,R,R,182,80,1995
23,Rodríguez López Marc,C/1B,R,R,192,100,2004
8,Sáenz Albornoz Alejandro Isaac,1B/OF,R,R,180,84,1999
0,Scala Niccolò Jordi,1B/OF,R,R,185,92,1998
28,Segreto Francesco,2B/3B,R,R,175,87,2003
17,Tejada Fernández Kevin Alberto,C/OF,R,R,186,80,2002
15,TRINIDAD MENDEZ KERSON,P,R,R,173,63,1986
47,Urena Sepulveda Victor Francisco,OF,R,R,175,75,2003
48,Zanchi Enrico,P,R,R,193,91,1999
2,Armigliati Matteo,IF,R,R,0,0,1990
43,Baravalle Gianluca,1B/DH,R,R,0,0,1988
95,Bellandi Federico,OF,R,R,0,0,1999
39,Bellebono Andrea,OF,R,R,0,0,2002
3,Bortolamai Giovanni,P,R,R,0,0,1999
24,Calasso Simone,UTL,R,R,0,0,1996
19,Cristiano Andrea,2B,L,R,0,0,1991
30,Di Meo Lorenzo,IF/OF,R,R,0,0,2006
34,Grassi Stefano,P,R,R,0,0,1995
28,LAURENTI DAVID GRAYSEN,1B/OF,L,L,,,1998
22,Leonesio Tommaso,2B,R,R,0,0,2004
47,Marzullo Stefano,P,R,R,0,0,1998
18,Milani Niccolò,C/OF,R,R,0,0,1987
1,Procopio Federico,C/2B,R,R,0,0,2006
23,Rotondo Luigi,P,R,R,0,0,2000
44,Scrofani Torres George Alexander,C/1B,R,R,0,0,1998
45,Sheldon Bryan,P/DH,L,R,0,0,1994
17,Villa Patrick Jeremy,OF,R,R,0,0,2001
34,Barbero Paolo,UTL,R,R,0,0,1987
37,Blunda Luca,UTL,R,R,150,40,2007
39,Boza Correa Carlos Richard,UTL,R,R,0,0,1988
24,CASTILLO ALVAREZ FELIX ANDRES,UTL,R,R,,,2003
65,De Blasi Tommaso,UTL,R,R,0,0,2004
32,De Maria Maurizio,UTL,R,R,0,0,1987
27,Debernardi Luca,P,R,R,,,1987
15,Franceschini Luca,UTL,R,R,0,0,2003
38,Garra Michele,UTL,R,R,0,0,2006
52,Giarola Filippo,UTL,R,R,0,0,1998
11,Gismondi Ludovico,P,R,R,0,0,2000
20,Marziale Jacopo,C/UTL,R,R,0,0,2001
59,Meloni Giulio,IF/UTL,R,R,0,0,2006
35,Nodal Suarez Elder,P,R,R,,,1989
12,Resca Alessandro,P,R,R,0,0,2006
22,Resca Corrado,C/UTL,R,R,0,0,2008
9,Ricchiardi Alberto,P/UTL,R,R,0,0,2004
16,Sandrone Jacopo,UTL,R,R,0,0,2002
30,Valerio Dawit,UTL,R,R,0,0,2005
21,Valetti Gabriele,3B/UTL,R,R,0,0,2001
7,Zingarelli Edoardo,P,R,R,0,0,2004
